Grid ID,Latitude,Longitude,Area Sq Km,Road Density,Waterhole Count 10km,Distance to Water km,Distance to Gate km,Patrol Proxy,Response Time Min,Vegetation Proxy,Normalized Road Density,Normalized Waterhole Count 10km,Normalized Distance to Gate km,Normalized Response Time Min,DVI,pos_y,pos_x,Staff,Drones,Cameras,Is_Covered
86ac8159fffffff,-18.80825438,15.14623268,39.43,349.1445,0,84.762,97.24,0.0102,2.02,0.0035,0.330057338,0.0,0.56374311,0.136802974,0.1213233309299664,-2087.71623618,1590.3544314,4.0,0.0,0.0,1.0
86ac8174fffffff,-18.75690248,14.42852469,39.1,45.7355,0,35.702,166.34,0.006,8.09,0.0925,0.043076824,0.0,0.977713875,0.588104089,0.3252148675742007,-2082.01617528,1514.99509245,0.0,0.0,0.0,1.0
86ac81747ffffff,-18.78451342,14.48548911,39.12,195.9662,0,34.46,159.63,0.0062,0.94,0.1005,0.185173082,0.0,0.937514977,0.056505576,0.0365939761994571,-2085.08098962,1520.97635655,0.0,0.0,0.0,1.0
86ac8644fffffff,-19.08608023,17.11434746,40.3,425.0878,0,273.193,131.54,0.0076,3.61,0.0,0.401888586,0.0,0.769230769,0.255018587,0.0087206244767919,-2118.55490553,1797.0064833000001,0.0,0.0,0.0,1.0
86ac829a7ffffff,-18.83435875,16.69992084,40.16,112.5643,0,235.686,101.35,0.0098,4.23,0.0,0.106287089,0.0,0.588365684,0.301115242,0.0728891433786066,-2090.61382125,1753.4916882,0.0,0.0,0.0,1.0
86ac80197ffffff,-19.2196281,16.011366,39.76,452.4024,0,156.234,17.66,0.0551,5.27,0.0,0.4277242,0.0,0.086987779,0.378438662,0.1548432612285444,-2133.3787191,1681.1934299999998,0.0,0.0,0.0,1.0
86ac8639fffffff,-19.14295086,16.72832228,40.11,293.4402,0,232.106,90.53,0.011,1.93,0.0,0.277369222,0.0,0.523544213,0.130111524,0.0454934837506236,-2124.8675454599997,1756.4738394,0.0,0.0,0.0,1.0
86ac81067ffffff,-19.12442769,14.45839158,39.05,168.5047,0,11.428,152.18,0.0065,2.33,0.4668,0.159198521,0.0,0.892882818,0.159851301,0.1392446205207088,-2122.8114735900003,1518.1311159000002,0.0,0.0,0.0,1.0
86ac810efffffff,-18.96834449,14.50046436,39.1,297.7982,0,18.508,151.5,0.0066,5.49,0.2912,0.281491252,0.0,0.88880901,0.394795539,0.0553625161952133,-2105.48623839,1522.5487578,0.0,0.0,0.0,1.0
86ac8669fffffff,-18.74999947,17.02694831,40.32,453.0235,0,271.407,135.8,0.0073,0.65,0.0,0.42831167,0.0,0.794751977,0.034944238,0.0036143965993104,-2081.24994117,1787.8295725500002,0.0,0.0,0.0,1.0
86ac80257ffffff,-18.98608818,15.27153391,39.46,224.2884,0,87.265,75.35,0.0132,1.27,0.003,0.211961738,0.0,0.432602444,0.081040892,0.1227469241127391,-2107.45578798,1603.5110605500001,0.0,0.0,0.0,1.0
86ac80737ffffff,-18.98026054,15.87922216,39.75,323.6213,0,148.165,38.72,0.0255,3.11,0.0001,0.305916125,0.0,0.213156003,0.217843866,0.1646359613653817,-2106.80891994,1667.3183268,0.0,0.0,0.0,1.0
86ac8050fffffff,-19.11694897,16.16888874,39.86,239.3343,0,174.267,37.62,0.0262,3.66,0.0,0.226192958,0.0,0.20656602,0.258736059,0.176551120778216,-2121.98133567,1697.7333177,4.0,0.0,0.0,1.0
86ac80cd7ffffff,-19.24010793,16.17992589,39.84,134.7854,0,173.619,32.05,0.0307,3.91,0.0,0.127304998,0.0,0.173196741,0.27732342,0.1948052206403419,-2135.65198023,1698.89221845,0.0,0.0,0.0,1.0
86ac80037ffffff,-19.26052283,15.8484656,39.68,129.9123,0,138.724,8.84,0.1071,5.44,0.0001,0.122695759,0.0,0.034148095,0.391078067,0.3049017224632171,-2137.91803413,1664.088888,0.0,0.0,0.0,1.0
86ac8004fffffff,-19.18486992,15.56483524,39.56,174.1839,0,110.435,37.76,0.0261,2.3,0.0006,0.164570214,0.0,0.207404745,0.157620818,0.150200298218091,-2129.52056112,1634.3077002,0.0,0.0,0.0,1.0
86ac81607ffffff,-18.65575012,14.58448182,39.19,244.8518,0,51.751,156.36,0.0064,2.79,0.0317,0.231411706,0.0,0.917924754,0.194052045,0.0892223677892846,-2070.78826332,1531.3705911,0.0,0.0,0.0,1.0
86ac8002fffffff,-19.26718382,15.73814848,39.62,234.2432,0,127.114,17.4,0.0559,5.36,0.0002,0.221377522,0.0,0.085430146,0.385130112,0.2313580283466484,-2138.65740402,1652.5055903999998,0.0,0.0,0.0,1.0
86ac82c6fffffff,-18.52551538,16.67160095,40.2,117.5908,0,243.398,121.26,0.0082,4.08,0.0,0.111041423,0.0,0.707644381,0.289962825,0.0567371273987136,-2056.3322071800003,1750.51809975,0.0,0.0,0.0,1.0
86ac866afffffff,-18.84651427,16.98008397,40.28,310.8822,0,263.984,126.57,0.0079,3.05,0.0,0.293866801,0.0,0.739456027,0.2133829,0.0068157642704958,-2091.96308397,1782.90881685,0.0,0.0,0.0,1.0
86ac81c97ffffff,-19.11530534,15.17223184,39.39,173.388,0,73.148,79.1,0.0126,2.86,0.0076,0.163817409,0.0,0.455068296,0.199256506,0.1877533216118658,-2121.7988927399997,1593.0843432,0.0,0.0,0.0,1.0
86ac8394fffffff,-18.71283121,15.19321586,39.47,167.5314,0,95.114,100.2,0.0099,5.42,0.0018,0.158277922,0.0,0.581476156,0.389591078,0.2153971107228996,-2077.12426431,1595.2876653,0.0,0.0,0.0,1.0
86ac86a5fffffff,-19.53407018,16.42930527,39.89,10.7046,0,199.71,60.96,0.0163,8.46,0.0,0.009942719,0.0,0.346393482,0.615613383,0.1990230585081763,-2168.28178998,1725.0770533500001,0.0,0.0,0.0,1.0
86ac8110fffffff,-19.20738635,14.62973647,39.11,194.9547,0,15.451,133.12,0.0075,4.49,0.357,0.184216351,0.0,0.778696382,0.320446097,0.2903000802241963,-2132.01988485,1536.12232935,0.0,0.0,0.0,1.0
86ac86797ffffff,-18.92779705,17.1554312,40.35,169.9991,0,280.197,140.37,0.0071,1.64,0.0,0.160612005,0.0,0.822130362,0.108550186,0.0055400010000294,-2100.98547255,1801.320276,0.0,0.0,0.0,1.0
86ac815a7ffffff,-18.93110447,15.15662334,39.42,173.0104,0,78.592,88.87,0.0112,3.37,0.0053,0.163460254,0.0,0.513599329,0.237174721,0.1600482449061172,-2101.35259617,1591.4454507,0.0,0.0,0.0,1.0
86ac80cf7ffffff,-19.30167123,16.18544925,39.83,272.9954,0,173.698,31.2,0.0315,1.62,0.0,0.258031433,0.0,0.168104481,0.107063197,0.127291152604566,-2142.48550653,1699.4721712500002,0.0,0.0,0.0,1.0
86ac8636fffffff,-19.34934389,16.41250218,39.92,173.1764,0,197.341,54.93,0.018,0.52,0.0,0.163617266,0.0,0.310268392,0.02527881,0.0675130919603196,-2147.77717179,1723.3127289000001,0.0,0.0,0.0,1.0
86ac81557ffffff,-18.94379703,14.93753849,39.31,229.5848,0,58.162,108.9,0.0091,5.77,0.0207,0.216971358,0.0,0.633596933,0.415613383,0.2977031463181152,-2102.76147033,1568.44154145,0.0,0.0,0.0,1.0
86ac8109fffffff,-18.89489094,14.71375505,39.21,177.1625,0,41.809,132.76,0.0075,2.26,0.0616,0.167387533,0.0,0.77653966,0.15464684,0.0634646831114124,-2097.33289434,1544.94428025,0.0,0.0,0.0,1.0
86ac86a8fffffff,-19.45842468,16.64569031,40.01,170.8725,0,221.913,80.63,0.0123,2.19,0.0,0.161438114,0.0,0.464234364,0.149442379,0.0402862439280794,-2159.88513948,1747.7974825499998,0.0,0.0,0.0,1.0
86ac8668fffffff,-18.78471556,16.97432708,40.29,284.9957,0,265.052,129.1,0.0077,5.5,0.0,0.26938196,0.0,0.754612988,0.395539033,0.0236876327237073,-2085.1034271599997,1782.3043433999999,4.0,0.0,0.0,1.0
86ac86267ffffff,-19.22613708,16.40131626,39.94,294.4241,0,196.937,54.95,0.018,5.28,0.0,0.278299847,0.0,0.31038821,0.379182156,0.1196693560371305,-2134.10121588,1722.1382073000002,0.0,0.0,0.0,1.0
86ac8071fffffff,-18.89134085,15.81600265,39.73,155.5116,0,145.043,49.16,0.0201,4.07,0.0001,0.14690895,0.0,0.275700935,0.289219331,0.2122464334755796,-2096.93883435,1660.68027825,0.0,0.0,0.0,1.0
86ac82d0fffffff,-18.63399207,16.90450416,40.29,430.3621,0,262.79,131.7,0.0076,2.9,0.0,0.406877302,0.0,0.770189312,0.202230483,0.0175672646450322,-2068.3731197700004,1774.9729367999998,4.0,0.0,0.0,1.0
86ac8670fffffff,-19.06646993,16.94469526,40.22,342.7351,0,255.785,114.68,0.0087,4.53,0.0,0.323994983,0.0,0.668224299,0.323420074,0.0150639609790228,-2116.37816223,1779.1930023,4.0,0.0,0.0,1.0
86ac8142fffffff,-18.88242699,14.93240913,39.32,48.8992,0,62.013,112.24,0.0089,5.09,0.016,0.046069221,0.0,0.653606518,0.365055762,0.3325038245505256,-2095.94939589,1567.90295865,0.0,0.0,0.0,1.0
86ac8646fffffff,-19.14784813,17.12015492,40.29,336.0241,0,273.025,130.89,0.0076,0.52,0.0,0.317647359,0.0,0.765336688,0.02527881,0.0032599742604738,-2125.41114243,1797.6162666,0.0,0.0,0.0,1.0
86ac86057ffffff,-19.32071015,16.85652906,40.13,152.7767,0,244.067,101.56,0.0098,6.05,0.0,0.144322135,0.0,0.589623772,0.436431227,0.0564124683383341,-2144.59882665,1769.9355513,0.0,0.0,0.0,1.0
86ac82d47ffffff,-18.64157236,16.79367233,40.24,152.7529,0,251.456,121.89,0.0082,3.09,0.0,0.144299624,0.0,0.711418644,0.216356877,0.0345153293715583,-2069.21453196,1763.33559465,0.0,0.0,0.0,1.0
86ac81c47ffffff,-19.25661186,14.85365445,39.21,129.2767,0,36.211,109.19,0.0091,8.23,0.0895,0.122094574,0.0,0.635334292,0.598513011,0.344281833641781,-2137.48391646,1559.63371725,0.0,0.0,0.0,1.0
86ac818dfffffff,-19.30220089,14.58263249,39.07,99.8101,1,9.885,137.38,0.0073,4.3,0.5174,0.094223483,0.5,0.804217589,0.306319703,0.2920384479381501,-2142.54429879,1531.17641145,0.0,0.0,2.0,1.0
86ac86737ffffff,-19.12073221,17.06163122,40.27,165.2123,0,267.224,125.34,0.0079,3.97,0.0,0.156084393,0.0,0.732087227,0.281784387,0.0260330341592582,-2122.40127531,1791.4712780999998,0.0,0.0,0.0,1.0
86ac810d7ffffff,-18.90101867,14.60456595,39.16,176.2574,0,31.733,143.29,0.007,7.32,0.1206,0.166531441,0.0,0.839623772,0.530855019,0.0643673793158936,-2098.01307237,1533.47942475,0.0,0.0,0.0,1.0
86ac8185fffffff,-19.43042203,14.48335991,39.0,234.3986,1,7.809,148.13,0.0067,4.86,0.5942,0.221524508,0.5,0.868619698,0.34795539,0.170767299646502,-2156.77684533,1520.75279055,0.0,0.0,0.0,1.0
86ac82d6fffffff,-18.67622705,16.7411259,40.2,178.1588,0,244.963,115.17,0.0086,3.6,0.0,0.168329887,0.0,0.671159837,0.254275093,0.0478566888583665,-2073.06120255,1757.8182195,0.0,0.0,0.0,1.0
86ac80607ffffff,-18.80241665,15.75286222,39.72,144.6432,0,141.865,60.14,0.0165,7.02,0.0001,0.136629034,0.0,0.341480949,0.508550186,0.2279194033127077,-2087.0682481500003,1654.0505331000002,0.0,0.0,0.0,1.0
86ac8119fffffff,-19.04511242,14.78108672,39.22,192.8982,0,38.259,120.77,0.0082,1.68,0.078,0.182271203,0.0,0.704708843,0.111524164,0.0705158522886633,-2114.00747862,1552.0141056,0.0,0.0,0.0,1.0
86ac81c4fffffff,-19.22900328,14.79635398,39.19,175.4848,0,32.168,115.46,0.0086,1.94,0.1171,0.165800675,0.0,0.672897196,0.130855019,0.1331698788647568,-2134.41936408,1553.6171679,0.0,0.0,0.0,1.0
86ac80337ffffff,-19.21885803,15.51245649,39.53,292.8141,0,104.329,41.54,0.0238,3.79,0.001,0.276777023,0.0,0.230050324,0.268401487,0.2310501293307524,-2133.29324133,1628.80793145,0.0,0.0,0.0,1.0
86ac80ce7ffffff,-19.33587904,16.13289076,39.79,284.0046,0,168.017,25.53,0.0384,5.04,0.0,0.268444525,0.0,0.134136113,0.36133829,0.1712480465228454,-2146.28257344,1693.9535297999998,0.0,0.0,0.0,1.0
86ac8006fffffff,-19.24631977,15.57016718,39.55,185.5416,0,109.855,34.86,0.0283,6.56,0.0007,0.175312936,0.0,0.190031153,0.474349442,0.1923302953512821,-2136.34149447,1634.8675539,0.0,0.0,0.0,1.0
86ac81cf7ffffff,-19.15541105,15.01031105,39.3,89.5874,0,55.653,94.45,0.0105,6.76,0.0245,0.084554304,0.0,0.547028517,0.489219331,0.3671180798386607,-2126.25062655,1576.0826602500001,0.0,0.0,0.0,1.0
86ac862d7ffffff,-18.99963513,16.54785104,40.05,448.2177,0,215.868,78.25,0.0127,0.66,0.0,0.423766087,0.0,0.449976036,0.035687732,0.0435340389904088,-2108.95949943,1737.5243592000002,0.0,0.0,0.0,1.0
86ac80577ffffff,-19.15120756,16.11637644,39.82,152.8488,0,168.201,30.95,0.0318,5.72,0.0,0.144390331,0.0,0.166606758,0.411895911,0.1809429260075203,-2125.78403916,1692.2195262,0.0,0.0,0.0,1.0
86ac80c1fffffff,-19.36322356,16.19097579,39.82,261.172,0,174.046,31.83,0.0309,2.44,0.0,0.246848226,0.0,0.171878744,0.16802974,0.1312490784143161,-2149.31781516,1700.05245795,0.0,0.0,0.0,1.0
86ac80adfffffff,-19.25923584,15.35008743,39.44,155.4932,0,86.762,57.27,0.0173,2.0,0.0031,0.146891547,0.0,0.324287084,0.135315985,0.2073067805857107,-2137.77517824,1611.75918015,0.0,0.0,0.0,1.0
86ac81b97ffffff,-19.30805572,14.47336391,39.02,349.8745,1,6.266,148.84,0.0067,2.31,0.6585,0.330747811,0.5,0.872873233,0.158364312,0.0673609781970033,-2143.1941849199998,1519.70321055,4.0,0.0,0.0,1.0
86ac8102fffffff,-19.11849497,14.56755896,39.1,481.9368,0,17.011,140.96,0.0071,2.2,0.3217,0.455659421,0.0,0.825664989,0.150185874,0.0959995468279125,-2122.15294167,1529.5936907999999,0.0,0.0,0.0,1.0
86ac8154fffffff,-18.95003843,14.82813199,39.26,203.3715,0,48.863,119.32,0.0083,2.87,0.0385,0.192177412,0.0,0.696022046,0.2,0.1813922212078394,-2103.45426573,1556.9538589499998,0.0,0.0,0.0,1.0
86ac801a7ffffff,-19.31530681,15.96432342,39.72,626.2406,0,150.417,7.98,0.118,2.3,0.0,0.592149698,0.0,0.028995926,0.157620818,0.1579089381053027,-2143.9990559099997,1676.2539591,0.0,0.0,0.0,1.0
86ac81727ffffff,-18.86730672,14.65662747,39.19,207.8534,0,38.358,139.47,0.0071,2.08,0.0775,0.196416633,0.0,0.816738557,0.141263941,0.0901191825813745,-2094.27104592,1538.94588435,0.0,0.0,0.0,1.0
86ac8666fffffff,-18.95782675,16.71127161,40.14,316.6102,0,233.658,95.7,0.0104,1.4,0.0,0.299284651,0.0,0.554517134,0.09070632,0.0370101418497779,-2104.31876925,1754.68351905,0.0,0.0,0.0,1.0
86ac80217ffffff,-19.0070484,15.43890957,39.54,116.8286,0,103.351,59.39,0.0167,4.56,0.001,0.110320493,0.0,0.336987779,0.325650558,0.2888426642277131,-2109.7823724,1621.08550485,0.0,0.0,0.0,1.0
86ac8052fffffff,-19.17853379,16.17440573,39.85,212.5227,0,173.809,34.27,0.0288,1.85,0.0,0.200833108,0.0,0.186496525,0.124163569,0.1129136689729068,-2128.81725069,1698.31260165,0.0,0.0,0.0,1.0
86ac81407ffffff,-18.84857251,14.98455763,39.35,156.013,0,68.612,109.13,0.0091,7.74,0.0103,0.147383201,0.0,0.634974838,0.562081784,0.2692334556869669,-2092.19154861,1573.37855115,0.0,0.0,0.0,1.0
86ac86a97ffffff,-19.45127391,16.75680562,40.06,168.8234,0,233.551,92.02,0.0108,3.68,0.0,0.159499965,0.0,0.532470645,0.260223048,0.0425995070656954,-2159.09140401,1759.4645901000001,0.0,0.0,0.0,1.0
86ac81c57ffffff,-19.22291116,14.90586669,39.24,167.0344,0,42.717,104.09,0.0096,2.11,0.058,0.157807833,0.0,0.604780733,0.143494424,0.1780676852665719,-2133.74313876,1565.11600245,0.0,0.0,0.0,1.0
86ac80cdfffffff,-19.21277552,16.12187804,39.81,213.3466,0,167.862,27.61,0.0356,4.2,0.0,0.201612397,0.0,0.146597172,0.298884758,0.2230641552505633,-2132.61808272,1692.7971942,0.0,0.0,0.0,1.0
86ac81077ffffff,-19.09084994,14.51046228,39.08,256.902,0,15.546,147.41,0.0068,3.75,0.3547,0.242809431,0.0,0.864306254,0.265427509,0.0475110957571117,-2119.0843433399996,1523.5985394000002,0.0,0.0,0.0,1.0
86ac82a1fffffff,-18.50054391,16.11389336,39.94,198.3452,0,190.171,94.77,0.0105,1.69,0.0,0.187423268,0.0,0.548945603,0.112267658,0.0432649191891307,-2053.56037401,1691.9588027999998,4.0,0.0,0.0,1.0
86ac82d57ffffff,-18.60688658,16.84622231,40.27,481.2067,0,257.965,128.62,0.0077,2.65,0.0,0.454968853,0.0,0.751737359,0.183643123,0.0093856388845098,-2065.36441038,1768.8533425500002,0.0,0.0,0.0,1.0
86ac866d7ffffff,-18.75760756,16.91597084,40.27,434.0422,0,259.903,125.2,0.008,3.52,0.0,0.410358138,0.0,0.731248502,0.248327138,0.0182546369662093,-2082.09443916,1776.1769382,0.0,0.0,0.0,1.0
86ac8625fffffff,-19.10288683,16.39014324,39.96,72.6361,0,197.482,58.28,0.017,5.5,0.0,0.068520855,0.0,0.330337886,0.395539033,0.1745009183498536,-2120.42043813,1720.9650402,4.0,0.0,0.0,1.0
86ac866f7ffffff,-18.81940048,16.92170912,40.26,1057.4387,0,258.72,122.4,0.0081,1.19,0.0,1.0,0.0,0.714474,0.075092937,0.0155536545935608,-2088.95345328,1776.7794576,0.0,0.0,0.0,1.0
86ac81117ffffff,-19.2013872,14.73909412,39.17,141.8658,0,26.702,121.78,0.0082,5.74,0.1686,0.13400202,0.0,0.710759645,0.4133829,0.2999093705365993,-2131.3539792,1547.6048826,0.0,0.0,0.0,1.0
86ac839b7ffffff,-18.65874658,15.57455167,39.66,353.4545,0,131.709,81.36,0.0122,4.44,0.0002,0.334133967,0.0,0.468607716,0.316728625,0.1246298173906104,-2071.12087038,1635.32792535,0.0,0.0,0.0,1.0
86ac8391fffffff,-18.69961575,15.41251092,39.58,176.2695,0,114.757,85.97,0.0116,4.17,0.0005,0.166542886,0.0,0.496225737,0.296654275,0.1277421877460691,-2075.65734825,1618.3136466,0.0,0.0,0.0,1.0
86ac86ac7ffffff,-19.46550206,16.53465519,39.95,209.198,0,210.292,69.34,0.0143,4.51,0.0,0.197688428,0.0,0.396597172,0.321933086,0.1021139536082858,-2160.67072866,1736.13879495,0.0,0.0,0.0,1.0
86ac8156fffffff,-19.0113733,14.83323058,39.25,174.465,0,44.888,116.57,0.0085,6.3,0.0502,0.164836093,0.0,0.679547088,0.455018587,0.1962552706690156,-2110.2624363,1557.4892109,0.0,0.0,0.0,1.0
86ac81cc7ffffff,-19.12784764,14.95294436,39.28,110.1759,0,50.514,101.0,0.0099,4.08,0.0345,0.104028012,0.0,0.586268871,0.289962825,0.3004114864028255,-2123.19108804,1570.0591578,0.0,0.0,0.0,1.0
86ac81157ffffff,-19.17974059,14.57258057,39.09,408.4363,0,11.865,139.44,0.0071,4.4,0.4534,0.386138704,0.0,0.816558831,0.313754647,0.0635452648450443,-2128.95120549,1530.12095985,0.0,0.0,0.0,1.0
86ac81047ffffff,-19.06319794,14.45340657,39.06,304.9531,1,9.497,153.88,0.0065,1.93,0.5309,0.28825874,0.5,0.903067338,0.130111524,0.0302861268484476,-2116.0149713399996,1517.60768985,0.0,0.0,0.0,1.0
86ac83917ffffff,-18.72702859,15.47003457,39.6,215.8027,0,118.388,80.03,0.0124,5.58,0.0004,0.203935508,0.0,0.460639827,0.401486989,0.2720019877914785,-2078.70017349,1624.3536298499998,0.0,0.0,0.0,1.0
86ac8172fffffff,-18.83971565,14.59954057,39.17,292.3945,0,35.858,146.19,0.0068,3.72,0.0916,0.276380142,0.0,0.856997364,0.263197026,0.1817261901981972,-2091.20843715,1532.95175985,0.0,0.0,0.0,1.0
86ac8015fffffff,-19.30121763,15.685707,39.59,54.6896,0,121.296,21.7,0.0451,6.45,0.0003,0.051546092,0.0,0.11119099,0.466171004,0.381845367022791,-2142.43515693,1646.999235,4.0,1.0,0.0,1.0
86ac83d77ffffff,-18.52874754,15.67374065,39.73,374.5931,0,148.162,91.54,0.0109,2.72,0.0001,0.354127989,0.0,0.529595016,0.188847584,0.1372263259073863,-2056.69097694,1645.74276825,0.0,0.0,0.0,1.0
86ac866e7ffffff,-18.85405413,16.8690945,40.23,257.6982,0,252.414,115.71,0.0086,1.35,0.0,0.24356252,0.0,0.67439492,0.086988848,0.0195775233577478,-2092.80000843,1771.2549225,0.0,0.0,0.0,1.0
86ac866efffffff,-18.82691538,16.81077565,40.21,162.4207,0,247.189,111.75,0.0089,3.92,0.0,0.153443948,0.0,0.65067098,0.278066914,0.0530049858554963,-2089.78760718,1765.13144325,4.0,0.0,0.0,1.0
86ac82a4fffffff,-18.51478498,15.89364809,39.84,157.859,0,168.85,90.21,0.011,2.16,0.0,0.149129247,0.0,0.521627127,0.147211896,0.1027420132372613,-2055.14113278,1668.8330494499999,0.0,0.0,0.0,1.0
86ac81ba7ffffff,-19.40271591,14.42623543,38.98,124.6172,0,11.605,153.93,0.0065,5.06,0.4613,0.117687369,0.0,0.903366882,0.362825279,0.2679905295205704,-2153.7014660100003,1514.75472015,0.0,0.0,0.0,1.0
86ac8152fffffff,-19.03270562,15.00000076,39.32,38.2818,0,58.846,99.19,0.01,5.13,0.0198,0.036026715,0.0,0.575425353,0.36802974,0.3653329852831452,-2112.6303238200003,1575.0000798,0.0,0.0,0.0,1.0
86ac862efffffff,-19.06850146,16.44270838,39.99,247.366,0,203.571,64.92,0.0153,5.51,0.0,0.233789771,0.0,0.370117422,0.396282528,0.0939197546100066,-2116.60366206,1726.4843799,0.0,0.0,0.0,1.0
86ac8079fffffff,-18.76127772,15.91533798,39.8,273.3089,0,159.498,62.99,0.0158,3.19,0.0,0.258327958,0.0,0.358554996,0.223791822,0.161754181297877,-2082.50182692,1671.1104879,0.0,0.0,0.0,1.0
86ac8664fffffff,-18.89609785,16.70559459,40.15,414.0711,0,234.574,98.33,0.0101,4.42,0.0,0.3914684,0.0,0.570273185,0.315241636,0.0299747814201634,-2097.46686135,1754.08743195,0.0,0.0,0.0,1.0
86ac806dfffffff,-18.59033719,15.67909097,39.72,97.708,0,145.051,84.81,0.0117,5.02,0.0001,0.092235204,0.0,0.4892763,0.359851301,0.2437794068863307,-2063.52742809,1646.30455185,0.0,0.0,0.0,1.0
86ac867a7ffffff,-19.02430159,17.10854334,40.31,343.2698,0,273.533,132.55,0.0075,5.41,0.0,0.324500731,0.0,0.775281572,0.388847584,0.0136450154556837,-2111.69747649,1796.3970507000001,0.0,0.0,0.0,1.0
86ac81337ffffff,-19.06908701,14.34436679,39.0,247.6785,1,2.106,165.03,0.006,7.21,0.869,0.23408535,0.5,0.969865804,0.52267658,0.1242194805195134,-2116.6686581100003,1506.1585129500002,0.0,0.0,0.0,1.0
86ac86adfffffff,-19.40390413,16.52902009,39.96,9.0388,0,209.539,67.62,0.0147,5.19,0.0,0.008367116,0.0,0.386292835,0.372490706,0.1509279125268666,-2153.83335843,1735.5471094499999,0.0,0.0,0.0,1.0
86ac860efffffff,-19.25902352,16.85079835,40.14,309.5272,0,243.786,101.28,0.0098,1.72,0.0,0.292585169,0.0,0.587946322,0.114498141,0.0313939993259216,-2137.75161072,1769.33382675,0.0,0.0,0.0,1.0
86ac860f7ffffff,-19.25166072,16.96196962,40.19,177.5883,0,255.503,112.99,0.0088,6.39,0.0,0.167790278,0.0,0.658099688,0.461710037,0.0211799226977295,-2136.93433992,1781.0068101000002,0.0,0.0,0.0,1.0
86ac800d7ffffff,-19.04859284,15.77440531,39.68,402.9811,0,135.425,33.43,0.0295,2.33,0.0001,0.380978883,0.0,0.181464174,0.159851301,0.1687719285519969,-2114.3938052400003,1656.31255755,0.0,0.0,0.0,1.0
86ac81037ffffff,-19.11249231,14.67681962,39.15,219.8606,0,25.024,129.77,0.0077,4.91,0.1886,0.207773687,0.0,0.758626887,0.351672862,0.0944240506462534,-2121.48664641,1541.0660601,0.0,0.0,0.0,1.0
86ac82d5fffffff,-18.57977189,16.78797777,40.24,226.8,0,253.129,125.84,0.0079,4.74,0.0,0.214337344,0.0,0.735082674,0.339033457,0.0405004136756986,-2062.35467979,1762.7376658500002,0.0,0.0,0.0,1.0
86ac82c37ffffff,-18.53742204,16.95133259,40.33,107.1819,0,270.988,142.09,0.007,7.47,0.0,0.101196127,0.0,0.832434699,0.542007435,0.0268002760197972,-2057.65384644,1779.88992195,0.0,0.0,0.0,1.0
86ac80d87ffffff,-19.44520004,16.3654621,39.88,257.1403,0,192.458,51.54,0.0192,2.3,0.0,0.243034828,0.0,0.289959262,0.157620818,0.0938949258364598,-2158.4172044399998,1718.3735204999998,0.0,0.0,0.0,1.0
86ac86aefffffff,-19.49980234,16.48197818,39.92,117.4023,0,204.958,64.94,0.0153,7.71,0.0,0.110863129,0.0,0.370237239,0.559851301,0.1618388046265177,-2164.47805974,1730.6077088999998,0.0,0.0,0.0,1.0
86ac810dfffffff,-18.87341268,14.54750155,39.14,160.9229,0,29.406,149.98,0.0066,3.97,0.1408,0.152027248,0.0,0.879702852,0.281784387,0.1897484284955537,-2094.94880748,1527.48766275,0.0,0.0,0.0,1.0
86ac81c1fffffff,-19.21674835,15.01547067,39.29,245.6891,0,53.681,92.75,0.0107,2.69,0.0279,0.232203669,0.0,0.536843997,0.1866171,0.1412067201900153,-2133.05906685,1576.6244203499998,0.0,0.0,0.0,1.0
86ac817a7ffffff,-18.73842925,14.75570002,39.26,105.0181,0,55.487,136.13,0.0073,5.55,0.0247,0.099149488,0.0,0.796728972,0.399256506,0.2960663233603509,-2079.96564675,1549.3485021000001,0.0,0.0,0.0,1.0
86ac82c2fffffff,-18.54507041,16.84051247,40.27,108.9405,0,259.582,132.54,0.0075,5.35,0.0,0.102859505,0.0,0.775221663,0.384386617,0.0335300002816133,-2058.50281551,1768.25380935,0.0,0.0,0.0,1.0
86ac8020fffffff,-19.01356844,15.32904901,39.48,172.9163,0,92.046,68.59,0.0145,6.77,0.0022,0.163371249,0.0,0.392104002,0.489962825,0.1584682367247563,-2110.50609684,1609.55014605,0.0,0.0,0.0,1.0
86ac811a7ffffff,-19.16771658,14.79126195,39.2,148.9142,0,32.959,116.86,0.0085,3.2,0.1111,0.140668775,0.0,0.681284448,0.224535316,0.2149649382923839,-2127.61654038,1553.08250475,0.0,0.0,0.0,1.0
86ac812b7ffffff,-18.79055487,14.37655363,39.07,27.5992,0,31.35,170.06,0.0059,3.74,0.1237,0.025922538,0.0,1.0,0.264684015,0.1914489477457345,-2085.75159057,1509.53813115,0.0,0.0,0.0,1.0
86ac8036fffffff,-19.20421019,15.23494965,39.4,168.8006,0,76.153,70.23,0.0141,5.19,0.0062,0.1594784,0.0,0.401929068,0.372490706,0.2286102326420954,-2131.66733109,1599.66971325,0.0,0.0,0.0,1.0
86ac81027ffffff,-19.14613293,14.62469654,39.12,222.8382,0,18.427,134.53,0.0074,2.44,0.2927,0.210590061,0.0,0.787143542,0.16802974,0.1587941038919182,-2125.22075523,1535.5931367,0.0,0.0,0.0,1.0
86ac8622fffffff,-19.2190431,16.5121343,39.99,93.7684,0,208.611,66.53,0.0149,6.14,0.0,0.088508918,0.0,0.379762761,0.443122677,0.1574350793387295,-2133.3137841000002,1733.7741015,4.0,0.0,0.0,1.0
86ac862cfffffff,-19.00684386,16.43711133,40.0,361.4129,0,204.291,67.75,0.0147,1.72,0.0,0.341661449,0.0,0.387071651,0.114498141,0.0611820564323315,-2109.75966846,1725.89668965,0.0,0.0,0.0,1.0
86ac80557ffffff,-19.08962899,16.11087802,39.83,256.0663,0,168.817,35.31,0.0279,2.5,0.0,0.242018981,0.0,0.192727055,0.172490706,0.150541791242654,-2118.94881789,1691.6421921,0.0,0.0,0.0,1.0
86ac800dfffffff,-19.02119872,15.71662966,39.66,550.819,0,130.483,38.73,0.0255,0.53,0.0002,0.520811902,0.0,0.213215912,0.026022305,0.1215290302399974,-2111.35305792,1650.2461143,0.0,0.0,0.0,1.0
86ac8179fffffff,-18.6156898,14.74556584,39.28,119.4304,0,64.691,144.09,0.0069,4.94,0.0134,0.112781415,0.0,0.844416487,0.353903346,0.2473618561988389,-2066.3415677999997,1548.2844132,0.0,0.0,0.0,1.0
86ac8601fffffff,-19.31336902,16.96773437,40.18,139.9706,0,255.776,113.26,0.0088,3.75,0.0,0.132209438,0.0,0.65971723,0.265427509,0.0329215904638886,-2143.78396122,1781.61210885,0.0,0.0,0.0,1.0
86ac8011fffffff,-19.32201622,15.85388703,39.67,32.6986,0,138.792,3.89,0.2275,5.29,0.0001,0.030745825,0.0,0.00449317,0.379925651,0.3519346909053247,-2144.74380042,1664.65813815,0.0,0.0,0.0,1.0
86ac83b2fffffff,-18.60292763,14.96400834,39.38,360.7389,0,81.919,126.39,0.0079,2.96,0.0042,0.341023943,0.0,0.738377666,0.20669145,0.0848292665094702,-2064.92496693,1571.2208756999999,0.0,0.0,0.0,1.0
86ac81c0fffffff,-19.25049705,14.96322978,39.26,113.9034,0,47.287,97.77,0.0102,7.44,0.0427,0.107553682,0.0,0.566918284,0.539776952,0.3933966514996004,-2136.80517255,1571.1391269,4.0,3.0,0.0,1.0
86ac82aa7ffffff,-18.49331871,16.22414089,40.0,171.6445,0,201.012,99.05,0.01,7.5,0.0,0.162168313,0.0,0.574586628,0.544237918,0.071657712396815,-2052.75837681,1703.53479345,0.0,0.0,0.0,1.0
86ac83977ffffff,-18.76773963,15.30805912,39.52,197.4557,0,101.422,87.3,0.0114,5.13,0.0012,0.186581931,0.0,0.504193626,0.36802974,0.2916477760178123,-2083.21909893,1607.3462075999998,0.0,0.0,0.0,1.0
86ac80357ffffff,-19.13642287,15.33956214,39.46,176.7381,0,88.815,61.69,0.0161,3.28,0.0027,0.166986113,0.0,0.350766834,0.230483271,0.2053750453668064,-2124.14293857,1610.6540247,0.0,0.0,0.0,1.0
86ac83907ffffff,-18.76112164,15.41778456,39.57,70.5058,0,111.736,80.2,0.0124,5.07,0.0006,0.066505903,0.0,0.461658279,0.363568773,0.3042389694515632,-2082.48450204,1618.8673787999999,0.0,0.0,0.0,1.0
86ac86647ffffff,-18.92326735,16.76387566,40.17,148.5337,0,239.88,102.36,0.0097,4.54,0.0,0.140308878,0.0,0.594416487,0.324163569,0.0503259981000607,-2100.48267585,1760.2069443,0.0,0.0,0.0,1.0
86ac80647ffffff,-18.78183116,15.58520021,39.65,175.4792,0,126.435,68.62,0.0145,5.09,0.0002,0.165795378,0.0,0.392283729,0.365055762,0.1457418853113136,-2084.78325876,1636.44602205,0.0,0.0,0.0,1.0
86ac8602fffffff,-19.4095739,16.92074973,40.14,0.1927,0,250.687,108.63,0.0092,5.72,0.0,0.0,0.0,0.631979391,0.411895911,0.06485895833525,-2154.4627029000003,1776.6787216500002,0.0,0.0,0.0,1.0
86ac83b0fffffff,-18.5414934,14.95887842,39.39,135.0432,0,86.014,131.24,0.0076,0.53,0.0032,0.127548839,0.0,0.767433501,0.026022305,0.060704634954566,-2058.1057674,1570.6822341,0.0,0.0,0.0,1.0
86ac83da7ffffff,-18.45313868,15.88823341,39.85,33.3131,0,171.791,97.03,0.0103,4.0,0.0,0.031327052,0.0,0.562485023,0.28401487,0.1438210982832646,-2048.29839348,1668.26450805,0.0,0.0,0.0,1.0
86ac81cd7ffffff,-19.09406343,15.00515441,39.31,44.2751,0,56.866,96.61,0.0103,6.98,0.0226,0.041695499,0.0,0.559968847,0.505576208,0.4082608430168011,-2119.4410407299997,1575.54121305,4.0,3.0,0.0,1.0
86ac8104fffffff,-19.03553909,14.39639189,39.03,186.0016,1,5.432,160.38,0.0062,4.25,0.6962,0.175748028,0.5,0.942008148,0.30260223,0.1162885635192043,-2112.94483899,1511.62114845,0.0,0.0,0.0,1.0
86ac8392fffffff,-18.79518263,15.36554036,39.54,220.3678,0,105.091,80.92,0.0123,5.35,0.0009,0.208253424,0.0,0.465971723,0.384386617,0.1306563295162077,-2086.26527193,1613.3817378,0.0,0.0,0.0,1.0
86ac80077ffffff,-19.23975445,15.68033805,39.6,82.0919,0,121.428,24.19,0.0405,5.82,0.0003,0.077464658,0.0,0.126108315,0.419330855,0.3600181809533559,-2135.61274395,1646.43549525,0.0,0.0,0.0,1.0
86ac82c77ffffff,-18.51796194,16.78228648,40.25,556.4969,0,254.703,130.03,0.0077,1.62,0.0,0.526182364,0.0,0.76018452,0.107063197,0.0118806641253502,-2055.49377534,1762.1400804,4.0,0.0,0.0,1.0
86ac80547ffffff,-19.12387227,16.05838579,39.8,426.6784,0,162.687,28.87,0.034,1.67,0.0,0.403393061,0.0,0.154145699,0.110780669,0.1394162753322579,-2122.74982197,1686.1305079499998,0.0,0.0,0.0,1.0
86ac83d0fffffff,-18.49447875,15.72600309,39.76,175.5649,0,154.854,94.06,0.0106,5.79,0.0,0.165876437,0.0,0.544692068,0.417100372,0.1087732691468184,-2052.88714125,1651.2303244500001,0.0,0.0,0.0,1.0
86ac8150fffffff,-18.97133778,14.99485008,39.33,215.6025,0,61.522,102.16,0.0097,4.32,0.0165,0.203746148,0.0,0.593218308,0.307806691,0.1434212711159546,-2105.81849358,1574.4592584000002,0.0,0.0,0.0,1.0
86ac8008fffffff,-19.07597848,15.83222008,39.71,468.14,0,140.524,28.76,0.0342,1.28,0.0001,0.442609667,0.0,0.1534867,0.081784387,0.1490369699028487,-2117.43361128,1662.3831084,0.0,0.0,0.0,1.0
86ac8678fffffff,-18.93541254,17.04427481,40.3,289.9314,0,268.535,129.04,0.0077,0.31,0.0,0.27405041,0.0,0.754253535,0.009665428,0.0059291656423019,-2101.8307919400004,1789.64885505,0.0,0.0,0.0,1.0
86ac8078fffffff,-18.79554224,15.86296798,39.77,467.3782,0,153.017,59.21,0.0167,0.67,0.0,0.441889116,0.0,0.335909418,0.036431227,0.0832573274159855,-2086.30518864,1665.6116379,0.0,0.0,0.0,1.0
86ac8118fffffff,-19.07881878,14.72894971,39.19,278.7131,0,31.637,125.18,0.008,0.79,0.1213,0.26343954,0.0,0.731128684,0.04535316,0.0669767341586884,-2117.74888458,1546.53971955,0.0,0.0,0.0,1.0
86ac82b4fffffff,-18.66535585,15.96227049,39.84,165.325,0,168.014,73.94,0.0134,2.23,0.0,0.156190991,0.0,0.424155284,0.152416357,0.1199520615479422,-2071.85449935,1676.03840145,0.0,0.0,0.0,1.0
86ac80527ffffff,-19.20585086,16.23247357,39.87,268.9464,0,179.502,38.53,0.0256,5.18,0.0,0.254201671,0.0,0.212017733,0.371747212,0.1267764839218732,-2131.84944546,1704.40972485,0.0,0.0,0.0,1.0
86ac80007ffffff,-19.23311747,15.79059528,39.66,147.5733,0,133.016,14.97,0.0646,6.27,0.0001,0.13940048,0.0,0.070872274,0.452788104,0.3013268875161702,-2134.87603917,1658.0125044,0.0,0.0,0.0,1.0
86ac810f7ffffff,-18.96231205,14.60959424,39.15,233.1745,0,28.65,140.66,0.0071,1.99,0.1481,0.220366689,0.0,0.823867721,0.134572491,0.1291447230788413,-2104.81663755,1534.0073952,0.0,0.0,0.0,1.0
86ac81d9fffffff,-19.23805477,15.18265255,39.37,175.6775,0,69.918,75.02,0.0132,3.1,0.0095,0.165982941,0.0,0.430625449,0.217100372,0.2462388917841961,-2135.4240794700004,1594.17851775,0.0,0.0,0.0,1.0
86ac8380fffffff,-18.58326753,15.29234844,39.54,107.864,0,111.867,103.86,0.0096,4.79,0.0006,0.101841293,0.0,0.603402828,0.342750929,0.2529740846101095,-2062.7426958300002,1605.6965862,0.0,0.0,0.0,1.0
86ac81107ffffff,-19.23502484,14.68693321,39.14,284.8363,0,20.682,126.85,0.0079,0.18,0.2519,0.269231191,0.0,0.741133477,0.0,0.063477739707186,-2135.08775724,1542.12798705,0.0,0.0,0.0,1.0
86ac862afffffff,-19.08853669,16.6117243,40.07,81.2658,0,220.761,80.45,0.0124,7.46,0.0,0.076683288,0.0,0.463156003,0.541263941,0.1274230865611892,-2118.8275725900003,1744.2310515,0.0,0.0,0.0,1.0
86ac8395fffffff,-18.67881539,15.24539605,39.5,169.0112,0,101.759,98.97,0.0101,2.14,0.0011,0.159677596,0.0,0.574107357,0.145724907,0.1397189891881208,-2073.34850829,1600.76658525,0.0,0.0,0.0,1.0
86ac863a7ffffff,-19.26631336,16.73970577,40.09,176.1699,0,232.079,89.57,0.0111,0.68,0.0,0.166448679,0.0,0.517792955,0.037174721,0.0324416552887916,-2138.5607829600003,1757.66910585,0.0,0.0,0.0,1.0
86ac8114fffffff,-19.18564732,14.46337947,39.04,366.5548,1,8.109,150.77,0.0066,5.04,0.5824,0.346524934,0.5,0.884435658,0.36133829,0.0589941216794804,-2129.6068525200003,1518.6548443499998,0.0,0.0,0.0,1.0
86ac860c7ffffff,-19.22449834,16.90350157,40.17,168.1035,0,249.575,107.16,0.0093,4.19,0.0,0.158819045,0.0,0.623172777,0.298141264,0.0439961692024725,-2133.91931574,1774.86766485,0.0,0.0,0.0,1.0
86ac8064fffffff,-18.75443376,15.5275977,39.62,197.272,0,122.289,74.23,0.0134,4.58,0.0003,0.186408177,0.0,0.425892643,0.327137546,0.2224712477563598,-2081.74214736,1630.3977585,0.0,0.0,0.0,1.0
86ac80cc7ffffff,-19.27433272,16.12738281,39.8,147.3087,0,167.8,25.69,0.0382,5.69,0.0,0.139150207,0.0,0.135094656,0.409665428,0.207906362809917,-2139.45093192,1693.37519505,0.0,0.0,0.0,1.0
86ac86357ffffff,-19.28067451,16.51775965,39.98,145.7506,0,208.697,66.19,0.015,6.47,0.0,0.137676473,0.0,0.377725857,0.467657993,0.1139561578827698,-2140.15487061,1734.36476325,0.0,0.0,0.0,1.0
86ac8212fffffff,-18.50583279,16.50291955,40.13,179.7378,0,227.501,111.74,0.0089,0.84,0.0,0.16982339,0.0,0.650611071,0.049070632,0.0298050750340432,-2054.14743969,1732.8065527500003,0.0,0.0,0.0,1.0
86ac80da7ffffff,-19.50675852,16.37104771,39.87,104.2085,0,193.388,54.17,0.0183,2.15,0.0,0.098383725,0.0,0.305715313,0.146468401,0.0996413399777548,-2165.25019572,1718.96000955,0.0,0.0,0.0,1.0
86ac81057ffffff,-19.02960217,14.50546187,39.09,232.5254,0,15.681,149.32,0.0067,4.18,0.3516,0.219752735,0.0,0.875748862,0.29739777,0.2248275841185669,-2112.28584087,1523.07349635,0.0,0.0,0.0,1.0
86ac80067ffffff,-19.27377301,15.62791738,39.57,155.6854,0,115.517,28.23,0.0348,3.35,0.0005,0.14707334,0.0,0.150311526,0.235687732,0.2441621991513047,-2139.38880411,1640.9313249,0.0,0.0,0.0,1.0
86ac862b7ffffff,-19.0812534,16.72263545,40.12,252.496,0,232.422,91.77,0.0108,5.43,0.0,0.238642,0.0,0.530972921,0.390334572,0.0790888732559974,-2118.0191274000003,1755.8767222499998,0.0,0.0,0.0,1.0
86ac86257ffffff,-19.13014854,16.44830866,39.98,167.9845,0,203.079,62.72,0.0158,5.18,0.0,0.158706488,0.0,0.356937455,0.371747212,0.0909294345195565,-2123.44648794,1727.0724093,0.0,0.0,0.0,1.0
86ac81417ffffff,-18.81468562,15.03671264,39.38,171.0524,0,75.224,106.35,0.0094,1.43,0.0066,0.161608273,0.0,0.618320153,0.092936803,0.1255394314777536,-2088.4301038199997,1578.8548271999998,0.0,0.0,0.0,1.0
86ac805afffffff,-19.04833553,16.27392706,39.92,513.5439,0,186.539,51.0,0.0194,1.67,0.0,0.485555112,0.0,0.286724179,0.110780669,0.0818457173409579,-2114.36524383,1708.7623413,0.0,0.0,0.0,1.0
86ac86317ffffff,-19.30075921,16.68702863,40.06,149.3878,0,226.351,83.81,0.0119,6.3,0.0,0.141116732,0.0,0.483285406,0.455018587,0.0771971206222459,-2142.3842723099997,1752.1380061500001,0.0,0.0,0.0,1.0
86ac81bb7ffffff,-19.3692442,14.47836046,39.01,287.1286,1,5.91,148.33,0.0067,3.26,0.6744,0.271399372,0.5,0.869817877,0.228996283,0.1256160686415001,-2149.9861062,1520.2278483,0.0,0.0,0.0,1.0
86ac8629fffffff,-18.99235457,16.65867126,40.11,611.2422,0,227.467,89.06,0.0112,1.3,0.0,0.577963407,0.0,0.514737599,0.083271375,0.0329700823415438,-2108.15135727,1749.1604822999998,0.0,0.0,0.0,1.0
86ac8074fffffff,-18.90487722,15.59586103,39.63,123.2594,0,122.468,56.3,0.0176,5.31,0.0003,0.116403089,0.0,0.318475917,0.381412639,0.233577514314558,-2098.44137142,1637.56540815,0.0,0.0,0.0,1.0
86ac81cdfffffff,-19.06650749,14.9478061,39.29,130.5217,0,52.306,103.25,0.0096,5.68,0.0306,0.123272162,0.0,0.599748382,0.408921933,0.3054712236607865,-2116.3823313899998,1569.5196405,0.0,0.0,0.0,1.0
86ac863b7ffffff,-19.23183554,16.79238657,40.12,248.6727,0,237.863,95.46,0.0104,5.6,0.0,0.235025718,0.0,0.553079319,0.402973978,0.0724479452662078,-2134.7337449399997,1763.2005898500001,0.0,0.0,0.0,1.0
86ac86097ffffff,-19.20960515,17.12596573,40.28,189.4299,0,273.029,130.6,0.0076,3.91,0.0,0.178990698,0.0,0.763599329,0.27732342,0.0078830780427669,-2132.26617165,1798.22640165,4.0,0.0,0.0,1.0
86ac83957ffffff,-18.70625827,15.3028192,39.53,114.1828,0,104.751,92.64,0.0107,6.75,0.0009,0.107817953,0.0,0.536184999,0.488475836,0.2925219847911486,-2076.39466797,1606.796016,0.0,0.0,0.0,1.0
86ac82977ffffff,-18.91072577,16.4840561,40.04,35.5758,0,211.535,77.84,0.0128,5.16,0.0,0.033467235,0.0,0.44751977,0.370260223,0.1060896563521779,-2099.09056047,1730.8258905,0.0,0.0,0.0,1.0
86ac814e7ffffff,-18.75965799,14.92215928,39.34,177.8157,0,68.293,119.81,0.0083,4.11,0.0105,0.168005365,0.0,0.698957584,0.292193309,0.0948280315674869,-2082.32203689,1566.8267244,0.0,0.0,0.0,1.0
86ac8024fffffff,-18.9925148,15.16182317,39.41,330.903,0,76.239,85.19,0.0117,2.38,0.0062,0.312803548,0.0,0.49155284,0.163568773,0.1588895900815194,-2108.1691428,1591.99143285,0.0,0.0,0.0,1.0
86ac80017ffffff,-19.19901864,15.8430473,39.69,246.3441,0,138.991,15.31,0.0632,5.93,0.0001,0.232823203,0.0,0.072909178,0.427509294,0.294525797840718,-2131.0910690399996,1663.5199665,0.0,0.0,0.0,1.0
86ac81717ffffff,-18.77222386,14.70363989,39.23,187.3676,0,48.915,139.25,0.0072,6.28,0.0383,0.177040064,0.0,0.815420561,0.453531599,0.1302462533718767,-2083.71684846,1543.88218845,0.0,0.0,0.0,1.0
86ac83d07ffffff,-18.52180103,15.78365178,39.79,129.4832,0,158.412,90.13,0.011,4.88,0.0,0.122289893,0.0,0.521147855,0.349442379,0.164265574210593,-2055.9199143299998,1657.2834369,4.0,0.0,0.0,1.0
86ac8140fffffff,-18.82104726,14.92728273,39.33,165.5072,0,65.578,115.89,0.0086,3.32,0.0126,0.156363325,0.0,0.675473281,0.233457249,0.1491675204353978,-2089.13624586,1567.36468665,4.0,0.0,0.0,1.0
86ac86687ffffff,-18.81181396,17.03272049,40.31,358.7655,0,270.278,133.23,0.0075,1.98,0.0,0.339157396,0.0,0.77935538,0.133828996,0.0097342582682422,-2088.11134956,1788.4356514499998,0.0,0.0,0.0,1.0
86ac818c7ffffff,-19.36341531,14.58766281,39.06,315.5531,1,5.901,136.84,0.0073,6.11,0.6747,0.298284789,0.5,0.800982507,0.440892193,0.1051391166155057,-2149.33909941,1531.7045950499999,0.0,0.0,0.0,1.0
86ac82a67ffffff,-18.60372082,15.95683113,39.85,175.6232,0,170.28,80.68,0.0123,5.05,0.0,0.165931581,0.0,0.464533908,0.362081784,0.1284018838558831,-2065.01301102,1675.46726865,0.0,0.0,0.0,1.0
86ac8056fffffff,-19.15808337,16.00589835,39.77,295.0073,0,156.607,22.59,0.0433,0.88,0.0,0.278851469,0.0,0.116522885,0.05204461,0.1230968598688472,-2126.54725407,1680.6193267499998,0.0,0.0,0.0,1.0
86ac8178fffffff,-18.64951927,14.69353641,39.25,182.0922,0,58.382,146.73,0.0068,6.38,0.0204,0.172050308,0.0,0.860232447,0.460966543,0.0655858741199312,-2070.0966389699997,1542.82132305,0.0,0.0,0.0,1.0
86ac8026fffffff,-19.05391514,15.167026,39.4,173.0421,0,74.438,81.92,0.0121,2.74,0.007,0.163490238,0.0,0.471962617,0.190334572,0.1747905529670631,-2114.98458054,1592.53773,0.0,0.0,0.0,1.0
86ac80c87ffffff,-19.29474487,16.29613723,39.88,128.0997,0,185.354,42.85,0.0231,6.97,0.0,0.120981304,0.0,0.237898394,0.504832714,0.1948740123362317,-2141.71668057,1711.09440915,0.0,0.0,0.0,1.0
86ac82c0fffffff,-18.48324481,16.83480591,40.28,258.3389,0,261.205,136.7,0.0073,6.16,0.0,0.244168528,0.0,0.800143781,0.444609665,0.0283077185649584,-2051.6401739099997,1767.65462055,0.0,0.0,0.0,1.0
86ac82d4fffffff,-18.61444236,16.73544663,40.21,72.7774,0,246.696,119.15,0.0084,5.35,0.0,0.068654504,0.0,0.695003595,0.384386617,0.06007223077312,-2066.2031019600004,1757.2218961499998,0.0,0.0,0.0,1.0
86ac81ab7ffffff,-19.21917388,14.41130071,39.01,312.4581,1,9.237,155.86,0.0064,2.67,0.5402,0.295357372,0.5,0.914929307,0.185130112,0.057528015657673,-2133.3283006799998,1513.1865745500002,0.0,0.0,0.0,1.0
86ac80517ffffff,-19.10995385,16.2794748,39.91,186.4099,0,185.866,47.64,0.0208,5.42,0.0,0.17613422,0.0,0.266594776,0.389591078,0.1349463022264665,-2121.20487735,1709.344854,4.0,0.0,0.0,1.0
86ac814b7ffffff,-18.7468149,15.14104184,39.44,163.66,0,88.476,101.86,0.0098,4.58,0.0027,0.154616144,0.0,0.59142104,0.327137546,0.2130215120221499,-2080.8964539,1589.8093932,0.0,0.0,0.0,1.0
86ac8631fffffff,-19.27353033,16.62869262,40.04,288.9382,0,220.383,77.87,0.0128,2.94,0.0,0.273110988,0.0,0.447699497,0.205204461,0.0624439026952232,-2139.36186663,1746.0127251,0.0,0.0,0.0,1.0
86ac81ca7ffffff,-19.21051473,15.12516522,39.35,194.3163,0,64.856,81.45,0.0122,5.88,0.0133,0.183612518,0.0,0.469146897,0.423791822,0.1513652829895236,-2132.36713503,1588.1423481,0.0,0.0,0.0,1.0
86ac81547ffffff,-18.97760148,14.8853812,39.28,410.486,0,51.523,112.61,0.0088,1.88,0.0322,0.38807742,0.0,0.655823149,0.126394052,0.1501880330895416,-2106.51376428,1562.9650259999999,0.0,0.0,0.0,1.0
86ac800afffffff,-19.13750381,15.83763213,39.7,300.9151,0,139.592,22.0,0.0444,4.59,0.0001,0.284439383,0.0,0.112988258,0.327881041,0.1929501351522474,-2124.26292291,1662.9513736499998,4.0,0.0,0.0,1.0
86ac800c7ffffff,-19.08271066,15.72200471,39.65,287.9598,0,129.108,32.57,0.0302,3.66,0.0002,0.272185565,0.0,0.176312006,0.258736059,0.2406256466989836,-2118.18088326,1650.81049455,4.0,0.0,0.0,1.0
86ac800a7ffffff,-19.16488741,15.89550447,39.72,1046.9443,0,145.031,18.28,0.0532,0.93,0.0001,0.990073833,0.0,0.090702133,0.055762082,0.1346913526999489,-2127.30250251,1669.0279693500001,0.0,0.0,0.0,1.0
86ac80427ffffff,-19.0553536,16.16337494,39.86,55.3084,0,174.992,41.83,0.0236,4.82,0.0,0.052131387,0.0,0.231787683,0.344981413,0.2196547455043092,-2115.1442496,1697.1543687,0.0,0.0,0.0,1.0
86ac86077ffffff,-19.38238557,16.86226307,40.12,345.4267,0,244.54,102.3,0.0097,4.41,0.0,0.326540843,0.0,0.594057033,0.314498141,0.0475936260563253,-2151.44479827,1770.53762235,0.0,0.0,0.0,1.0
86ac814dfffffff,-18.63685137,14.91192126,39.35,159.7224,0,75.295,128.38,0.0078,2.59,0.0066,0.150891751,0.0,0.750299545,0.179182156,0.1254347549622989,-2068.6905020699996,1565.7517323,0.0,0.0,0.0,1.0
86ac8106fffffff,-19.09676076,14.40135862,39.03,345.5398,1,4.708,158.6,0.0063,2.14,0.7306,0.326647819,0.5,0.931344357,0.145724907,0.1111385283339421,-2119.74044436,1512.1426551,0.0,0.0,0.0,1.0
86ac81507ffffff,-18.99887112,15.05220191,39.35,140.1985,0,65.411,95.41,0.0104,3.49,0.0128,0.132424999,0.0,0.552779775,0.246096654,0.2550362887559962,-2108.87469432,1580.48120055,0.0,0.0,0.0,1.0
86ac802afffffff,-18.94558151,15.43362375,39.54,8.1861,0,104.845,64.13,0.0155,5.57,0.0009,0.007560587,0.0,0.365384615,0.400743494,0.3604552731716408,-2102.95954761,1620.53049375,0.0,0.0,0.0,1.0
86ac80347ffffff,-19.17033286,15.28725288,39.43,84.868,0,82.457,65.76,0.0151,5.9,0.0041,0.080090443,0.0,0.375149772,0.42527881,0.3784003490954675,-2127.9069474599996,1605.1615524000001,0.0,0.0,0.0,1.0
86ac80387ffffff,-19.06193874,15.55418059,39.58,121.4868,0,112.833,46.11,0.0215,3.59,0.0005,0.114726469,0.0,0.257428708,0.253531599,0.2458151371827344,-2115.87520014,1633.18896195,4.0,0.0,0.0,1.0
86ac82d87ffffff,-18.52970296,17.06223022,40.38,465.2915,0,282.316,151.95,0.0066,2.27,0.0,0.439915403,0.0,0.891504913,0.155390335,0.0024867884155662,-2056.7970285600004,1791.5341731,0.0,0.0,0.0,1.0
86ac8662fffffff,-18.97757763,16.88055033,40.21,161.1659,0,250.721,111.25,0.0089,3.66,0.0,0.152257091,0.0,0.647675533,0.258736059,0.0297437367299558,-2106.51111693,1772.45778465,0.0,0.0,0.0,1.0
86ac82d37ffffff,-18.68817503,17.02117944,40.33,170.8694,0,272.703,138.66,0.0072,5.63,0.0,0.161435182,0.0,0.811885933,0.405204461,0.0074355250941622,-2074.38742833,1787.2238412000002,0.0,0.0,0.0,1.0
86ac86217ffffff,-19.15021203,16.61737715,40.06,112.2147,0,220.422,79.01,0.0126,7.59,0.0,0.105956419,0.0,0.454529116,0.550929368,0.1285052443133175,-2125.67353533,1744.82460075,0.0,0.0,0.0,1.0
86ac82927ffffff,-18.96515433,16.60042837,40.09,293.5281,0,222.072,84.94,0.0117,3.73,0.0,0.277452362,0.0,0.490055116,0.26394052,0.0915055311807886,-2105.13213063,1743.04497885,0.0,0.0,0.0,1.0
86ac864cfffffff,-18.9548714,17.21395421,40.37,100.363,0,285.729,145.33,0.0069,10.98,0.0,0.094746445,0.0,0.851845195,0.802973978,0.0063081410442362,-2103.9907254,1807.46519205,0.0,0.0,0.0,1.0
86ac82d27ffffff,-18.72290684,16.96857351,40.3,230.52,0,266.293,131.93,0.0076,1.24,0.0,0.21785592,0.0,0.771567218,0.078810409,0.0089153902605912,-2078.24265924,1781.7002185499998,0.0,0.0,0.0,1.0
86ac81cafffffff,-19.18296678,15.06771803,39.33,120.4057,0,60.132,87.93,0.0113,4.94,0.0182,0.113703906,0.0,0.507967889,0.353903346,0.3222412538563882,-2129.30931258,1582.11039315,0.0,0.0,0.0,1.0
86ac8292fffffff,-18.93794469,16.54222328,40.06,175.1064,0,216.759,81.18,0.0122,2.26,0.0,0.165442764,0.0,0.467529355,0.15464684,0.0565925042304725,-2102.1118605899997,1736.9334444,0.0,0.0,0.0,1.0
86ac81177ffffff,-19.24097594,14.57760507,39.08,205.7878,1,9.198,138.25,0.0072,4.15,0.5416,0.194462878,0.5,0.809429667,0.295167286,0.0703166655900488,-2135.74832934,1530.64853235,0.0,0.0,0.0,1.0
86ac8386fffffff,-18.62390779,15.13066914,39.46,260.8359,0,94.881,111.78,0.0089,3.51,0.0018,0.246530325,0.0,0.650850707,0.247583643,0.1476492677961448,-2067.25376469,1588.7202597,0.0,0.0,0.0,1.0
86ac95aefffffff,-18.58379382,17.17901597,40.42,44.0035,0,292.046,158.9,0.0063,6.42,0.0,0.041438606,0.0,0.933141625,0.46394052,0.0036185396203996,-2062.80111402,1803.7966768499998,0.0,0.0,0.0,1.0
86ac866a7ffffff,-18.87361837,17.03849599,40.3,350.435,0,269.321,130.98,0.0076,1.96,0.0,0.331277962,0.0,0.765875869,0.132342007,0.0101437165063996,-2094.97163907,1789.0420789500001,0.0,0.0,0.0,1.0
86ac83b27ffffff,-18.63041409,15.02125016,39.41,151.6567,0,84.862,119.81,0.0083,2.46,0.0035,0.143262779,0.0,0.698957584,0.169516729,0.1511963161651217,-2067.97596399,1577.2312668,0.0,0.0,0.0,1.0
86ac82c47ffffff,-18.49084447,16.72409788,40.23,207.2251,0,249.917,127.84,0.0078,3.08,0.0,0.195822354,0.0,0.747064462,0.215613383,0.023899839504046,-2052.4837361699997,1756.0302774,0.0,0.0,0.0,1.0
86ac82d97ffffff,-18.49487827,17.1148119,40.41,54.8932,0,288.854,158.71,0.0063,7.35,0.0,0.051738668,0.0,0.932003355,0.533085502,0.0046608662130053,-2052.93148797,1797.0552495,0.0,0.0,0.0,1.0
86ac82dafffffff,-18.56449688,17.00965164,40.35,114.0078,0,275.792,145.2,0.0069,6.9,0.0,0.107652429,0.0,0.851066379,0.499628253,0.0178850956649193,-2060.65915368,1786.0134222000002,0.0,0.0,0.0,1.0
86ac80ccfffffff,-19.24698498,16.06935503,39.78,241.502,0,161.976,20.97,0.0466,4.45,0.0,0.228243285,0.0,0.106817637,0.317472119,0.2284338249157259,-2136.41533278,1687.2822781500001,0.0,0.0,0.0,1.0
86ac86627ffffff,-19.00471819,16.93894377,40.23,147.49,0,256.247,116.05,0.0086,4.48,0.0,0.139321691,0.0,0.676431824,0.319702602,0.0355121653169785,-2109.5237190899998,1778.5890958500001,0.0,0.0,0.0,1.0
86ac80117ffffff,-19.34941903,15.91181499,39.69,61.4886,0,144.76,3.14,0.2746,5.3,0.0001,0.057976951,0.0,0.0,0.380669145,0.3242980771284748,-2147.78551233,1670.74057395,0.0,0.0,0.0,1.0
86ac80d97ffffff,-19.41093065,16.41809998,39.91,414.2566,0,197.898,56.19,0.0176,1.86,0.0,0.391643856,0.0,0.317816918,0.124907063,0.0818838100470849,-2154.61330215,1723.9004979000001,0.0,0.0,0.0,1.0
86ac80db7ffffff,-19.47250613,16.42370101,39.9,159.1298,0,198.689,58.22,0.017,3.29,0.0,0.150331238,0.0,0.329978433,0.231226766,0.1229147339680774,-2161.44818043,1724.4886060499998,0.0,0.0,0.0,1.0
86ac806cfffffff,-18.62455777,15.62681859,39.69,337.4871,0,138.377,82.83,0.012,1.64,0.0001,0.319031143,0.0,0.47741433,0.108550186,0.1053161987296863,-2067.32591247,1640.81595195,4.0,0.0,0.0,1.0
86ac83867ffffff,-18.65136519,15.18801267,39.48,31.0609,0,98.593,105.35,0.0094,6.67,0.0014,0.0291968,0.0,0.61232926,0.482527881,0.3287267370158259,-2070.30153609,1594.74133035,0.0,0.0,0.0,1.0
86ac81767ffffff,-18.84579998,14.49047798,39.11,82.6752,0,28.519,156.67,0.0064,6.27,0.1494,0.078016375,0.0,0.919781931,0.452788104,0.2853403956681858,-2091.88379778,1521.5001879,4.0,0.0,0.0,1.0
86ac80677ffffff,-18.80922068,15.64284204,39.67,146.2927,0,130.804,63.22,0.0157,3.86,0.0002,0.13818922,0.0,0.359932902,0.273605948,0.2263264482413564,-2087.82349548,1642.4984142,0.0,0.0,0.0,1.0
86ac800e7ffffff,-19.14421225,15.72738286,39.64,242.7138,0,128.083,26.74,0.0367,3.1,0.0002,0.22938947,0.0,0.141385095,0.217100372,0.1734931719916134,-2125.00755975,1651.3752003,0.0,0.0,0.0,1.0
86ac81587ffffff,-18.86968428,15.15142651,39.43,172.9514,0,81.45,92.9,0.0107,2.25,0.0044,0.163404449,0.0,0.537742631,0.153903346,0.1546662340326931,-2094.53495508,1590.89978355,0.0,0.0,0.0,1.0
86ac8396fffffff,-18.77428785,15.19842205,39.46,114.703,0,91.421,95.27,0.0104,6.37,0.0023,0.108309987,0.0,0.55194105,0.460223048,0.3035827862758796,-2083.94595135,1595.83431525,0.0,0.0,0.0,1.0
86ac818e7ffffff,-19.42461904,14.59269605,39.05,137.9295,1,8.016,136.64,0.0073,4.11,0.586,0.130278857,0.5,0.799784328,0.292193309,0.1393173771965446,-2156.13271344,1532.2330852500002,0.0,0.0,0.0,1.0
86ac81137ffffff,-19.26265595,14.74417073,39.16,119.4277,0,25.552,120.62,0.0083,4.6,0.182,0.112778861,0.0,0.703810208,0.328624535,0.3354238447098089,-2138.15481045,1548.13792665,0.0,0.0,0.0,1.0
86ac81cb7ffffff,-19.17668526,15.17744069,39.38,173.8145,0,71.226,76.78,0.0129,7.04,0.0087,0.164220815,0.0,0.441169422,0.510037175,0.1869280926630812,-2128.61206386,1593.6312724499999,0.0,0.0,0.0,1.0
86ac866c7ffffff,-18.7922771,16.86337152,40.24,96.5564,0,253.534,118.47,0.0084,5.9,0.0,0.091145958,0.0,0.690929787,0.42527881,0.0411124729745022,-2085.9427581,1770.6540096,0.0,0.0,0.0,1.0
86ac86acfffffff,-19.43822131,16.4763585,39.93,348.5138,0,204.074,62.74,0.0158,0.77,0.0,0.329460788,0.0,0.357057273,0.043866171,0.062350368350333,-2157.64256541,1730.0176425,0.0,0.0,0.0,1.0
86ac814f7ffffff,-18.72576875,14.97427706,39.37,173.7186,0,74.932,117.29,0.0085,2.77,0.0068,0.164130108,0.0,0.683860532,0.192565056,0.1137133150513539,-2078.56033125,1572.2990913,0.0,0.0,0.0,1.0
86ac8039fffffff,-19.00045769,15.54885788,39.59,144.559,0,114.624,51.15,0.0194,5.95,0.0005,0.136549393,0.0,0.287622813,0.428996283,0.2886732992958556,-2109.05080359,1632.6300774,0.0,0.0,0.0,1.0
86ac8624fffffff,-19.13724024,16.33758233,39.93,173.1172,0,191.438,51.66,0.0192,4.03,0.0,0.163561271,0.0,0.290678169,0.286245353,0.1221428517920981,-2124.23366664,1715.44614465,0.0,0.0,0.0,1.0
86ac862dfffffff,-18.97241014,16.48966528,40.03,483.9849,0,210.508,74.46,0.0133,1.18,0.0,0.457596624,0.0,0.427270549,0.074349442,0.0462089405736926,-2105.93752554,1731.4148544,0.0,0.0,0.0,1.0
86ac814efffffff,-18.73213358,14.86494298,39.31,354.3056,0,64.908,126.54,0.0079,1.86,0.0132,0.334938983,0.0,0.7392763,0.124907063,0.1090410340734885,-2079.26682738,1560.8190129,0.0,0.0,0.0,1.0
86ac801afffffff,-19.28791931,15.90637501,39.7,357.4922,0,144.528,4.96,0.183,6.08,0.0001,0.33795304,0.0,0.010903427,0.43866171,0.2304447315923176,-2140.95904341,1670.16937605,0.0,0.0,0.0,1.0
86ac86277ffffff,-19.19178497,16.45391216,39.97,181.5132,0,202.817,61.21,0.0162,2.71,0.0,0.171502659,0.0,0.347891205,0.188104089,0.0721536289770589,-2130.28813167,1727.6607768000001,0.0,0.0,0.0,1.0
86ac80367ffffff,-19.23172708,15.29249858,39.42,149.7714,0,81.348,63.72,0.0156,5.82,0.0044,0.141479561,0.0,0.362928349,0.419330855,0.3226859877036137,-2134.7217058799997,1605.7123509,0.0,0.0,0.0,1.0
86ac8051fffffff,-19.08265827,16.22140564,39.89,365.3589,0,180.381,44.31,0.0223,2.52,0.0,0.345393787,0.0,0.246645099,0.173977695,0.129336643091111,-2118.17506797,1703.2475922,0.0,0.0,0.0,1.0
86ac8600fffffff,-19.34789328,16.91499703,40.15,467.9731,0,250.129,107.71,0.0092,4.0,0.0,0.442451804,0.0,0.626467769,0.28401487,0.0246457065560724,-2147.61615408,1776.07468815,0.0,0.0,0.0,1.0
86ac8170fffffff,-18.77840312,14.59451809,39.18,153.8427,0,40.709,149.35,0.0067,3.52,0.0663,0.145330415,0.0,0.875928589,0.248327138,0.1047452792012387,-2084.40274632,1532.42439945,0.0,0.0,0.0,1.0
86ac81087ffffff,-18.95621007,14.71881701,39.2,312.1228,0,39.557,129.92,0.0077,3.01,0.0716,0.295040227,0.0,0.759525521,0.210408922,0.1085153346181422,-2104.13931777,1545.4757860500001,0.0,0.0,0.0,1.0
86ac860b7ffffff,-19.27135114,17.13177988,40.27,124.0295,0,273.206,130.67,0.0076,7.63,0.0,0.117131491,0.0,0.764018692,0.553903346,0.0230708574236991,-2139.11997654,1798.8368874,0.0,0.0,0.0,1.0
86ac86067ffffff,-19.4168458,16.80953257,40.09,248.7235,0,239.013,97.07,0.0102,2.72,0.0,0.235073767,0.0,0.562724659,0.188847584,0.0436925086057603,-2155.2698838,1765.0009198499997,0.0,0.0,0.0,1.0
86ac82b9fffffff,-18.52054029,16.28206315,40.02,133.2216,0,205.346,98.64,0.0101,3.63,0.0,0.125825872,0.0,0.572130362,0.256505576,0.0950790515791121,-2055.77997219,1709.6166307499998,0.0,0.0,0.0,1.0
86ac86297ffffff,-19.01954531,16.7169519,40.13,13.3048,0,232.94,93.51,0.0106,7.15,0.0,0.012402128,0.0,0.541397076,0.518215613,0.1118787850866042,-2111.16952941,1755.2799495000002,0.0,0.0,0.0,1.0
86ac81707ffffff,-18.80598602,14.65158672,39.2,377.3316,0,42.368,142.61,0.007,2.68,0.0593,0.356718209,0.0,0.835549964,0.185873606,0.0785190643977977,-2087.4644482199997,1538.4166056,0.0,0.0,0.0,1.0
86ac818efffffff,-19.39693533,14.53550774,39.03,369.0637,1,2.043,142.44,0.007,3.0,0.8727,0.348897986,0.5,0.834531512,0.209665428,0.1198565538789499,-2153.05982163,1526.2283127,0.0,0.0,0.0,1.0
86ac82d8fffffff,-18.50264345,17.00389271,40.36,368.8023,0,277.443,148.83,0.0067,2.0,0.0,0.34865074,0.0,0.872813324,0.135315985,0.0012092067683472,-2053.79342295,1785.40873455,0.0,0.0,0.0,1.0
86ac82167ffffff,-18.5132216,16.39245074,40.07,156.3032,0,216.387,104.74,0.0095,3.52,0.0,0.147657688,0.0,0.608674814,0.248327138,0.0611097824225947,-2054.9675976000003,1721.2073277000002,4.0,0.0,0.0,1.0
86ac810afffffff,-18.98991923,14.66671771,39.17,6.571,0,33.194,134.02,0.0074,6.85,0.1094,0.006032938,0.0,0.784088186,0.495910781,0.3970778509595331,-2107.8810345300003,1540.00535955,4.0,3.0,0.0,1.0
86ac8216fffffff,-18.48602362,16.33447072,40.05,148.439,0,211.949,104.47,0.0095,5.69,0.0,0.140219306,0.0,0.607057273,0.409665428,0.0808209318011049,-2051.94862182,1715.1194255999999,0.0,0.0,0.0,1.0
86ac86787ffffff,-18.96251236,17.10274255,40.32,302.935,0,274.044,133.9,0.0074,3.16,0.0,0.286349913,0.0,0.783369279,0.221561338,0.0174585644193085,-2104.8388719600002,1795.7879677499998,0.0,0.0,0.0,1.0
86ac82d2fffffff,-18.69580471,16.91023585,40.28,284.5512,0,261.26,128.3,0.0078,3.86,0.0,0.268961528,0.0,0.749820273,0.273605948,0.0203024057124085,-2075.2343228100003,1775.57476425,0.0,0.0,0.0,1.0
86ac82907ffffff,-18.90344759,16.59478527,40.09,72.7425,0,223.04,87.9,0.0113,5.01,0.0,0.068621494,0.0,0.507788162,0.359107807,0.1132509837519606,-2098.28268249,1742.4524533499998,0.0,0.0,0.0,1.0
86ac80c17ffffff,-19.39055864,16.24909941,39.84,173.6022,0,180.133,38.31,0.0258,6.64,0.0,0.16402001,0.0,0.210699736,0.480297398,0.122287821843646,-2152.3520090399998,1706.15543805,0.0,0.0,0.0,1.0
86ac800f7ffffff,-19.11011152,15.77979885,39.68,223.3726,0,134.28,26.95,0.0364,3.62,0.0001,0.211095526,0.0,0.142643182,0.255762082,0.2111338215329153,-2121.22237872,1656.87887925,0.0,0.0,0.0,1.0
86ac806efffffff,-18.68612155,15.63215666,39.69,163.3007,0,135.555,76.24,0.013,1.69,0.0001,0.154276299,0.0,0.43793434,0.112267658,0.1107035147966385,-2074.1594920499997,1641.3764492999999,0.0,0.0,0.0,1.0
86ac86a87ffffff,-19.4856698,16.70408232,40.03,248.744,0,228.159,87.21,0.0114,6.51,0.0,0.235093157,0.0,0.503654445,0.47063197,0.0461509419300703,-2162.9093478,1753.9286436000002,0.0,0.0,0.0,1.0
86ac802b7ffffff,-18.93896653,15.54353823,39.6,229.0292,0,116.058,56.57,0.0175,4.44,0.0004,0.216445841,0.0,0.320093458,0.316728625,0.2124534467187928,-2102.22528483,1632.07151415,0.0,0.0,0.0,1.0
86ac83db7ffffff,-18.41876039,15.94053182,39.88,43.172,0,178.487,100.98,0.0099,13.63,0.0,0.040652128,0.0,0.586149053,1.0,0.2245108176906499,-2044.4824032899999,1673.7558411,0.0,0.0,0.0,1.0
86ac81447ffffff,-18.8273394,14.81794362,39.27,157.5059,0,55.034,125.75,0.0079,5.59,0.0255,0.148795266,0.0,0.734543494,0.402230483,0.1837197528629397,-2089.8346734,1555.8840801,0.0,0.0,0.0,1.0
86ac81187ffffff,-19.10641958,14.78617287,39.21,99.1774,0,35.053,118.64,0.0084,7.64,0.0966,0.093625041,0.0,0.691948239,0.55464684,0.4055674132083877,-2120.8125733800002,1552.54815135,4.0,3.0,0.0,1.0
86ac83807ffffff,-18.61068767,15.34977457,39.57,242.4423,0,115.065,97.82,0.0102,7.39,0.0005,0.229132671,0.0,0.567217829,0.53605948,0.1593777060307239,-2065.78633137,1611.72632985,0.0,0.0,0.0,1.0
86ac86207ffffff,-19.18464355,16.56475375,40.03,279.9281,0,214.491,72.72,0.0137,0.36,0.0,0.264588752,0.0,0.416846393,0.0133829,0.0429226402393078,-2129.49543405,1739.2991437500002,0.0,0.0,0.0,1.0
86ac86347ffffff,-19.3150253,16.46512886,39.95,155.7405,0,202.986,60.45,0.0164,2.32,0.0,0.147125456,0.0,0.343338126,0.159107807,0.095503053102739,-2143.9678083,1728.8385303,4.0,0.0,0.0,1.0
86ac80c97ffffff,-19.26045707,16.34872459,39.91,124.9853,0,191.114,48.81,0.0203,3.93,0.0,0.118035538,0.0,0.273604122,0.278810409,0.1550824439790933,-2137.91073477,1716.61608195,0.0,0.0,0.0,1.0
86ac82d1fffffff,-18.59925994,16.95707626,40.32,126.9389,0,269.283,138.45,0.0072,3.65,0.0,0.119883357,0.0,0.810627846,0.257992565,0.0197930613624968,-2064.51785334,1780.4930073,0.0,0.0,0.0,1.0
86ac813b7ffffff,-18.94070869,14.44344519,39.07,154.2816,0,16.928,158.11,0.0063,4.5,0.3235,0.14574555,0.0,0.928408819,0.321189591,0.2072105945916954,-2102.41866459,1516.56174495,0.0,0.0,0.0,1.0
86ac82da7ffffff,-18.59156238,17.06800773,40.37,104.458,0,280.645,148.56,0.0067,7.23,0.0,0.098619716,0.0,0.871195782,0.524163569,0.0157418275811013,-2063.6634241799998,1792.1408116500002,0.0,0.0,0.0,1.0
86ac8626fffffff,-19.19885405,16.34315185,39.92,224.7993,0,191.154,49.79,0.0199,1.26,0.0,0.212444975,0.0,0.279475198,0.080297398,0.0866002431609208,-2131.07279955,1716.0309442500002,0.0,0.0,0.0,1.0
86ac81737ffffff,-18.83356216,14.70869601,39.22,372.1853,0,44.989,135.87,0.0073,4.09,0.0498,0.351850563,0.0,0.79517134,0.29070632,0.168720630689479,-2090.52539976,1544.41308105,0.0,0.0,0.0,1.0
86ac803b7ffffff,-19.08937162,15.61187533,39.6,459.1948,0,117.743,39.55,0.025,3.11,0.0004,0.434148817,0.0,0.218128445,0.217843866,0.1984447116558666,-2118.92024982,1639.24690965,4.0,0.0,0.0,1.0
86ac8141fffffff,-18.78717537,14.97941586,39.36,338.9798,0,72.155,113.08,0.0088,2.91,0.0081,0.320443019,0.0,0.658638869,0.202973978,0.1525698274467798,-2085.37646607,1572.8386653,0.0,0.0,0.0,1.0
86ac8620fffffff,-19.15740082,16.50651219,40.0,169.4475,0,208.75,67.56,0.0147,6.16,0.0,0.160090272,0.0,0.385933381,0.444609665,0.1130193343146798,-2126.47149102,1733.18377995,0.0,0.0,0.0,1.0
86ac807afffffff,-18.85712493,15.86838292,39.77,288.0624,0,151.415,52.38,0.0189,5.37,0.0,0.27228261,0.0,0.294991613,0.385873606,0.1913399059885041,-2093.14086723,1666.1802066,0.0,0.0,0.0,1.0
86ac814c7ffffff,-18.69825931,14.91703879,39.34,223.4024,0,71.555,123.98,0.008,4.31,0.0085,0.211123712,0.0,0.723939612,0.307063197,0.093290563834814,-2075.50678341,1566.28907295,0.0,0.0,0.0,1.0
86ac8634fffffff,-19.28774599,16.40690761,39.93,372.6139,0,197.02,54.51,0.0182,3.84,0.0,0.352255956,0.0,0.307752217,0.272118959,0.0733556118070219,-2140.9398048900002,1722.72529905,0.0,0.0,0.0,1.0
86ac801b7ffffff,-19.2811621,16.0168368,39.75,135.9015,0,156.159,14.38,0.0672,3.78,0.0,0.128360665,0.0,0.067337647,0.267657993,0.2287820135418096,-2140.2089931,1681.767864,0.0,0.0,0.0,1.0
86ac8025fffffff,-18.95860016,15.21405867,39.44,155.7017,0,82.765,82.11,0.0121,5.14,0.004,0.147088757,0.0,0.473100887,0.368773234,0.2289083862396666,-2104.40461776,1597.47616035,0.0,0.0,0.0,1.0
86ac86ad7ffffff,-19.43116942,16.5873362,39.98,212.643,0,215.706,74.09,0.0134,2.9,0.0,0.200946894,0.0,0.425053918,0.202230483,0.055528506083759,-2156.85980562,1741.6703009999999,0.0,0.0,0.0,1.0
86ac83967ffffff,-18.80175341,15.25584215,39.49,181.4913,0,94.76,88.7,0.0112,4.16,0.0018,0.171481945,0.0,0.512580877,0.295910781,0.1360028561357191,-2086.99462851,1601.86342575,0.0,0.0,0.0,1.0
86ac8009fffffff,-19.04181318,15.88464646,39.74,299.8918,0,146.81,31.9,0.0309,3.14,0.0001,0.283471491,0.0,0.172298107,0.220074349,0.157372311111917,-2113.6412629799997,1667.8878783,0.0,0.0,0.0,1.0
86ac80717ffffff,-18.91869775,15.87380098,39.76,179.2804,0,149.82,45.55,0.0217,2.71,0.0,0.169390757,0.0,0.254073808,0.188104089,0.1723875660289484,-2099.97545025,1666.7491029,0.0,0.0,0.0,1.0
86ac82c07ffffff,-18.51033798,16.89305065,40.31,475.3043,0,266.052,139.25,0.0072,1.03,0.0,0.449386046,0.0,0.815420561,0.063197026,0.005491858420415,-2054.64751578,1773.77031825,0.0,0.0,0.0,1.0
86ac8672fffffff,-19.12821103,16.95045006,40.21,170.7214,0,255.507,113.71,0.0088,1.85,0.0,0.161295195,0.0,0.662413132,0.124163569,0.0117430364512583,-2123.2314243299998,1779.7972563,0.0,0.0,0.0,1.0
86ac80087ffffff,-19.10335552,15.8900739,39.73,180.7423,0,145.763,25.08,0.0391,5.33,0.0001,0.1707735,0.0,0.131440211,0.382899628,0.1630861681699465,-2120.4724627200003,1668.4577595,0.0,0.0,0.0,1.0
86ac81577ffffff,-19.00515724,14.94267081,39.3,159.9899,0,54.891,105.9,0.0094,5.68,0.0257,0.151144767,0.0,0.615624251,0.408921933,0.2822896627625496,-2109.57245364,1568.9804350499999,0.0,0.0,0.0,1.0
86ac80597ffffff,-18.97959427,16.37898308,39.98,151.5185,0,198.97,64.41,0.0154,3.64,0.0,0.143132062,0.0,0.367062066,0.257249071,0.1124598665936097,-2106.73496397,1719.7932234000002,0.0,0.0,0.0,1.0
86ac86307ffffff,-19.335173,16.63435525,40.03,189.6038,0,220.682,78.21,0.0127,2.81,0.0,0.179155182,0.0,0.449736401,0.195539033,0.0500247902571493,-2146.2042030000002,1746.6073012499999,0.0,0.0,0.0,1.0
86ac86287ffffff,-19.05405687,16.66433621,40.1,463.6008,0,226.831,86.96,0.0114,2.98,0.0,0.438316248,0.0,0.502156722,0.208178439,0.0384378680519048,-2115.00031257,1749.7553020499997,0.0,0.0,0.0,1.0
86ac81397ffffff,-18.87944946,14.43846882,39.08,37.7852,0,22.878,160.61,0.0062,6.54,0.2176,0.035557004,0.0,0.943386053,0.472862454,0.3227397324324461,-2095.61889006,1516.0392261000002,0.0,0.0,0.0,1.0
86ac80187ffffff,-19.25378991,15.95886803,39.73,198.2566,0,150.344,11.11,0.0861,5.45,0.0,0.187339465,0.0,0.047747424,0.391821561,0.2907328258670149,-2137.1706800099996,1675.68114315,0.0,0.0,0.0,1.0
86ac83987ffffff,-18.63136391,15.51698597,39.64,162.9368,0,128.108,86.71,0.0115,4.73,0.0002,0.153932103,0.0,0.500658998,0.338289963,0.17513845608646,-2068.08139401,1629.28352685,4.0,0.0,0.0,1.0
86ac839a7ffffff,-18.69290354,15.52229031,39.63,184.1938,0,125.045,80.42,0.0124,6.55,0.0002,0.174038114,0.0,0.462976276,0.473605948,0.1350141854470149,-2074.91229294,1629.8404825500002,0.0,0.0,0.0,1.0
86ac8679fffffff,-18.90071266,17.09694509,40.33,338.1105,0,274.726,135.58,0.0073,5.32,0.0,0.319620788,0.0,0.79343398,0.382156134,0.008156892677491,-2097.97910526,1795.1792344499997,0.0,0.0,0.0,1.0
86ac83d67ffffff,-18.56298471,15.62148359,39.7,145.983,0,141.473,89.46,0.0111,5.65,0.0001,0.137896289,0.0,0.517133956,0.40669145,0.2497962714327397,-2060.49130281,1640.2557769500002,0.0,0.0,0.0,1.0
86ac8021fffffff,-18.97959116,15.38133344,39.51,201.2339,0,98.426,66.07,0.015,4.53,0.0014,0.190155555,0.0,0.377006949,0.323420074,0.1760746818138605,-2106.7346187599996,1615.0400112,0.0,0.0,0.0,1.0
86ac86637ffffff,-18.97008107,16.99160767,40.26,150.1819,0,262.375,122.53,0.0081,6.02,0.0,0.141867834,0.0,0.715252816,0.434200743,0.032208471148588,-2105.67899877,1784.11880535,0.0,0.0,0.0,1.0
86ac81777ffffff,-18.81211785,14.54249443,39.15,178.2854,0,34.514,152.91,0.0065,5.23,0.1002,0.168449632,0.0,0.897256171,0.375464684,0.1865186840275385,-2088.14508135,1526.9619151499999,0.0,0.0,0.0,1.0
86ac862c7ffffff,-19.0340842,16.49527768,40.02,746.1749,0,209.7,71.58,0.0139,1.19,0.0,0.705589995,0.0,0.410016775,0.075092937,0.0572008534535828,-2112.7833462,1732.0041564,0.0,0.0,0.0,1.0
86ac8001fffffff,-19.17161978,15.78519551,39.67,296.9434,0,133.475,20.7,0.0472,1.23,0.0001,0.280682736,0.0,0.105200096,0.078066914,0.1613063214386024,-2128.04979558,1657.4455285499998,0.0,0.0,0.0,1.0
86ac814d7ffffff,-18.66435279,14.96914122,39.38,367.6221,0,78.207,121.73,0.0082,2.1,0.0054,0.347534443,0.0,0.710460101,0.142750929,0.0635542985405322,-2071.74315969,1571.7598280999998,0.0,0.0,0.0,1.0
86ac800b7ffffff,-19.13072385,15.94796668,39.75,125.7962,0,151.128,22.88,0.0428,4.08,0.0,0.11880253,0.0,0.118260244,0.289962825,0.2347642650099146,-2123.51034735,1674.5365014000001,0.0,0.0,0.0,1.0
86ac80377ffffff,-19.19783461,15.34482326,39.45,137.5975,0,87.53,59.13,0.0168,4.46,0.0029,0.129964833,0.0,0.335430146,0.318215613,0.3310641287741127,-2130.95964171,1611.2064423,0.0,0.0,0.0,1.0
86ac806b7ffffff,-18.69966868,15.90991082,39.81,181.5947,0,161.452,69.78,0.0142,3.93,0.0,0.171579746,0.0,0.399233166,0.278810409,0.1547669679756539,-2075.66322348,1670.5406361,4.0,0.0,0.0,1.0
86ac8108fffffff,-18.92861783,14.66167113,39.18,106.7758,0,35.218,136.61,0.0073,7.77,0.0956,0.100812015,0.0,0.799604601,0.564312268,0.3424002175980746,-2101.07657913,1539.47546865,4.0,0.0,0.0,1.0
86ac800cfffffff,-19.05530133,15.66424978,39.63,187.8371,0,124.095,38.57,0.0256,5.1,0.0003,0.177484143,0.0,0.212257369,0.365799257,0.1604887265229197,-2115.13844763,1644.7462269,0.0,0.0,0.0,1.0
86ac83827ffffff,-18.67219536,15.35502681,39.56,349.7373,0,111.422,92.03,0.0108,1.33,0.0006,0.33061804,0.0,0.532530554,0.085501859,0.1034288687915968,-2072.61368496,1612.27781505,0.0,0.0,0.0,1.0
86ac860afffffff,-19.27881285,17.02047499,40.22,4.6172,0,261.477,118.94,0.0084,4.93,0.0,0.00418493,0.0,0.693745507,0.353159851,0.0407724942473718,-2139.9482263500004,1787.14987395,0.0,0.0,0.0,1.0
86ac82d77ffffff,-18.66869318,16.85193543,40.26,130.1593,0,256.313,124.95,0.008,5.33,0.0,0.122929384,0.0,0.729750779,0.382899628,0.0342042676600498,-2072.2249429800004,1769.45322015,0.0,0.0,0.0,1.0
86ac805b7ffffff,-19.04124577,16.38456155,39.97,32.4904,0,198.109,61.04,0.0163,5.49,0.0,0.030548898,0.0,0.346872753,0.394795539,0.1771752114523008,-2113.5782804699998,1720.37896275,0.0,0.0,0.0,1.0
86ac810b7ffffff,-18.98379526,14.77600352,39.23,174.4866,0,42.326,123.25,0.0081,3.87,0.0595,0.164856523,0.0,0.719566259,0.274349442,0.2324945948445002,-2107.20127386,1551.4803696,0.0,0.0,0.0,1.0
86ac810cfffffff,-18.90707705,14.49546972,39.11,313.8179,0,23.058,153.96,0.0065,1.03,0.215,0.296643544,0.0,0.903546609,0.063197026,0.0307417950467157,-2098.68555255,1522.0243206,0.0,0.0,0.0,1.0
86ac862e7ffffff,-19.09574781,16.50089332,40.01,494.4066,0,209.114,69.26,0.0143,0.91,0.0,0.467454027,0.0,0.396117901,0.054275093,0.0603063244230782,-2119.62800691,1732.5937986,0.0,0.0,0.0,1.0
86ac8660fffffff,-18.91582102,16.87482077,40.22,151.1125,0,251.475,113.29,0.0088,6.66,0.0,0.142748045,0.0,0.659896957,0.481784387,0.0400503472182517,-2099.65613322,1771.8561808499999,0.0,0.0,0.0,1.0
86ac8145fffffff,-18.76597552,14.81285385,39.28,224.5761,0,58.264,129.39,0.0077,2.04,0.0206,0.21223386,0.0,0.756350347,0.138289963,0.1307113363989872,-2083.02328272,1555.34965425,0.0,0.0,0.0,1.0
86ac814cfffffff,-18.67074293,14.85984079,39.32,50.3373,0,68.681,130.68,0.0076,6.57,0.0103,0.047429454,0.0,0.764078601,0.475092937,0.3246473716996048,-2072.45246523,1560.28328295,0.0,0.0,0.0,1.0
86ac82a47ffffff,-18.54207648,15.9513949,39.86,206.6376,0,172.788,87.43,0.0114,6.2,0.0,0.195266665,0.0,0.504972442,0.447583643,0.1404949529110556,-2058.17048928,1674.8964645,0.0,0.0,0.0,1.0
86ac8066fffffff,-18.81595442,15.53290814,39.62,292.8331,0,119.859,68.17,0.0146,1.59,0.0003,0.276794994,0.0,0.389587827,0.104832714,0.1049964153449214,-2088.57094062,1630.9553547,0.0,0.0,0.0,1.0
86ac810c7ffffff,-18.93469795,14.55251156,39.13,203.9629,0,25.115,147.31,0.0068,2.62,0.1874,0.19273679,0.0,0.863707165,0.181412639,0.1642254646648362,-2101.75147245,1528.0137138,0.0,0.0,0.0,1.0
86ac8018fffffff,-19.22640872,15.90093817,39.71,165.5518,0,144.618,11.52,0.0832,4.98,0.0001,0.15640551,0.0,0.05020369,0.356877323,0.262335760719674,-2134.13136792,1669.59850785,0.0,0.0,0.0,1.0
86ac86247ffffff,-19.16451732,16.39572814,39.95,264.1885,0,197.091,56.23,0.0176,5.13,0.0,0.249701394,0.0,0.318056554,0.36802974,0.0997766834428194,-2127.26142252,1721.5514547,0.0,0.0,0.0,1.0
86ac80c57ffffff,-19.37005442,16.08033694,39.76,151.8616,0,162.416,20.48,0.0477,4.52,0.0,0.143456584,0.0,0.103882099,0.32267658,0.2065882189501496,-2150.0760406199997,1688.4353786999998,0.0,0.0,0.0,1.0
86ac802a7ffffff,-18.97302362,15.49122105,39.57,243.1252,0,109.684,57.61,0.0172,2.23,0.0007,0.229778595,0.0,0.326323988,0.152416357,0.1669944797603779,-2106.0056218199998,1626.57821025,0.0,0.0,0.0,1.0
86ac802dfffffff,-18.82921147,15.31330205,39.51,171.4988,0,98.454,82.17,0.0121,6.05,0.0014,0.162030502,0.0,0.47346034,0.436431227,0.1938965570492528,-2090.04247317,1607.8967152500002,0.0,0.0,0.0,1.0
86ac8630fffffff,-19.30792868,16.57603847,40.01,171.0226,0,214.663,72.12,0.0138,3.81,0.0,0.161580086,0.0,0.413251857,0.269888476,0.0672259166383467,-2143.18008348,1740.48403935,0.0,0.0,0.0,1.0
86ac8176fffffff,-18.81818067,14.43349532,39.09,92.7058,0,29.201,163.36,0.0061,4.81,0.1427,0.087503854,0.0,0.959861011,0.344237918,0.2716717878722007,-2088.81805437,1515.5170086,0.0,0.0,0.0,1.0
86ac80297ffffff,-18.8774654,15.53822166,39.61,176.8041,0,117.776,62.26,0.0159,4.19,0.0004,0.167048539,0.0,0.354181644,0.298141264,0.233623476502079,-2095.3986594,1631.5132743,0.0,0.0,0.0,1.0
86ac80727ffffff,-19.01444278,15.82681116,39.72,140.9334,0,141.779,35.55,0.0277,3.57,0.0001,0.133120106,0.0,0.194164869,0.25204461,0.2278469673884656,-2110.60314858,1661.8151718,0.0,0.0,0.0,1.0
86ac82a0fffffff,-18.53496764,16.0615345,39.91,39.161,0,183.532,89.81,0.0111,5.66,0.0,0.036858309,0.0,0.519230769,0.407434944,0.1647207395181397,-2057.38140804,1686.4611225,0.0,0.0,0.0,1.0
86ac811afffffff,-19.1401081,14.73402045,39.18,1.8149,0,28.472,123.3,0.0081,7.45,0.1498,0.001534364,0.0,0.719865804,0.540520446,0.4128732409720335,-2124.5519991,1547.07214725,4.0,3.0,0.0,1.0
86ac81a97ffffff,-19.15797241,14.40632823,39.02,479.9095,0,10.351,157.09,0.0063,1.39,0.5016,0.453741892,0.0,0.922298107,0.089962825,0.084725631818504,-2126.53493751,1512.66446415,0.0,0.0,0.0,1.0
86ac82967ffffff,-18.94517588,16.43151751,40.01,61.1667,0,205.237,71.12,0.014,5.99,0.0,0.057672481,0.0,0.407260963,0.43197026,0.1526606055785707,-2102.91452268,1725.30933855,0.0,0.0,0.0,1.0
86ac86657ffffff,-18.88867645,16.81648331,40.2,445.4893,0,246.133,109.03,0.0091,2.12,0.0,0.421185419,0.0,0.634375749,0.144237918,0.0282575750412322,-2096.6430859499997,1765.73074755,0.0,0.0,0.0,1.0
86ac80c9fffffff,-19.23315866,16.29057988,39.89,297.3196,0,185.273,43.44,0.0228,4.87,0.0,0.281038566,0.0,0.241433022,0.348698885,0.1310684812644937,-2134.88061126,1710.5108874,0.0,0.0,0.0,1.0
86ac86007ffffff,-19.3750661,16.97350244,40.17,194.0699,0,256.233,113.94,0.0087,3.12,0.0,0.183379459,0.0,0.663791038,0.218587361,0.0327912332304491,-2150.6323371000003,1782.2177562000002,0.0,0.0,0.0,1.0
86ac80707ffffff,-18.95289685,15.82140535,39.73,125.1827,0,143.349,42.35,0.0233,5.02,0.0001,0.118222249,0.0,0.234902948,0.359851301,0.2510126483972621,-2103.77155035,1661.24756175,0.0,0.0,0.0,1.0
86ac805a7ffffff,-19.07561579,16.33201601,39.94,358.1426,0,191.966,54.34,0.0182,3.15,0.0,0.338568223,0.0,0.306733765,0.220817844,0.0825720679228499,-2117.39335269,1714.86168105,0.0,0.0,0.0,1.0
86ac83877ffffff,-18.61733235,15.24017751,39.51,174.5205,0,105.226,104.39,0.0095,5.52,0.0009,0.164888588,0.0,0.606578001,0.397026022,0.1282791882429344,-2066.52389085,1600.2186385500002,0.0,0.0,0.0,1.0
86ac8661fffffff,-18.88118331,16.9274507,40.25,26.5913,0,257.716,119.93,0.0083,4.0,0.0,0.024969212,0.0,0.699676492,0.28401487,0.0344476588381865,-2095.81134741,1777.3823235000002,0.0,0.0,0.0,1.0
86ac8019fffffff,-19.19226221,15.95341578,39.74,484.8286,0,150.582,16.64,0.0584,3.61,0.0,0.45839464,0.0,0.080877067,0.255018587,0.1776863625589905,-2130.34110531,1675.1086569,0.0,0.0,0.0,1.0
86ac81317ffffff,-19.0078735,14.33941832,39.01,87.9433,1,7.714,166.89,0.006,4.18,0.5979,0.082999226,0.5,0.981008867,0.29739777,0.2423243330005793,-2109.8739585,1505.6389236,0.0,0.0,2.0,1.0
86ac813a7ffffff,-18.97430753,14.39142803,39.04,166.0591,0,11.367,162.42,0.0061,7.67,0.4687,0.156885342,0.0,0.954229571,0.556877323,0.252767743801767,-2106.1481358300002,1511.09994315,0.0,0.0,0.0,1.0
86ac8656fffffff,-19.29846692,17.19037802,40.29,88.468,0,279.225,136.7,0.0073,1.68,0.0,0.083495516,0.0,0.800143781,0.111524164,0.0060109228703922,-2142.1298281199997,1804.9896921000002,0.0,0.0,0.0,1.0
86ac82a17ffffff,-18.52778894,16.17175749,39.97,110.2125,0,194.39,93.6,0.0106,4.49,0.0,0.104062631,0.0,0.541936257,0.320446097,0.1395036645164461,-2056.5845723400002,1698.0345364500001,0.0,0.0,0.0,1.0
86ac802c7ffffff,-18.89067365,15.31854801,39.5,176.4973,0,95.881,77.31,0.0129,1.59,0.0017,0.166758351,0.0,0.444344596,0.104832714,0.1479516392644114,-2096.86477515,1608.4475410500002,0.0,0.0,0.0,1.0
86ac82937ffffff,-18.93064188,16.65300958,40.12,156.6202,0,228.307,91.63,0.0109,5.64,0.0,0.147957524,0.0,0.530134196,0.405947955,0.0481228953966991,-2101.30124868,1748.5660059,0.0,0.0,0.0,1.0
86ac82c27ffffff,-18.57216978,16.89877576,40.3,170.5273,0,264.49,135.35,0.0074,3.04,0.0,0.161111605,0.0,0.792056075,0.212639405,0.0151513380322745,-2061.51084558,1774.3714548,0.0,0.0,0.0,1.0
86ac8665fffffff,-18.86152232,16.75818331,40.18,566.9955,0,240.868,105.04,0.0095,2.36,0.0,0.536112504,0.0,0.610472082,0.162081784,0.0313022363463849,-2093.62897752,1759.60924755,0.0,0.0,0.0,1.0
86ac82a57ffffff,-18.50769931,16.00372885,39.89,174.0145,0,179.444,91.78,0.0108,2.02,0.0,0.164409986,0.0,0.53103283,0.136802974,0.0750813095822082,-2054.35462341,1680.39152925,0.0,0.0,0.0,1.0
86ac8671fffffff,-19.03184888,16.99737449,40.25,101.0108,0,261.836,121.04,0.0082,4.92,0.0,0.095359169,0.0,0.706326384,0.352416357,0.0383357934204545,-2112.5352256799997,1784.72432145,0.0,0.0,0.0,1.0
86ac82d17ffffff,-18.62634078,17.01541389,40.34,348.6083,0,274.166,141.8,0.007,2.11,0.0,0.329550171,0.0,0.83069734,0.143494424,0.0060642869037266,-2067.52382658,1786.6184584500002,0.0,0.0,0.0,1.0
86ac81497ffffff,-18.68536599,15.135854,39.45,156.4176,0,91.967,106.71,0.0093,3.52,0.0022,0.147765894,0.0,0.620476875,0.248327138,0.209410731800214,-2074.07562489,1589.26467,0.0,0.0,0.0,1.0
86ac86767ffffff,-19.13561722,16.83934684,40.16,159.5562,0,243.801,102.1,0.0097,3.33,0.0,0.15073455,0.0,0.592858855,0.234200743,0.048717228965325,-2124.05351142,1768.1314182,0.0,0.0,0.0,1.0
86ac80567ffffff,-19.18543396,16.06386883,39.79,593.0669,0,162.188,24.29,0.0403,1.54,0.0,0.560772233,0.0,0.126707405,0.101115242,0.1335858529956286,-2129.58316956,1686.7062271500001,0.0,0.0,0.0,1.0
86ac80c37ffffff,-19.45210571,16.25464776,39.83,42.6785,0,180.86,40.61,0.0243,9.98,0.0,0.040185349,0.0,0.224478792,0.728624535,0.2154261081264714,-2159.1837338100004,1706.7380148000002,0.0,0.0,0.0,1.0
86ac95a5fffffff,-18.61861843,17.12640076,40.39,309.4115,0,285.581,152.15,0.0066,1.7,0.0,0.292475734,0.0,0.892703091,0.113011152,-0.0004292302953531,-2066.6666457300003,1798.2720798,0.0,0.0,0.0,0.0
86ac82ae7ffffff,-18.47329074,16.05606765,39.92,139.6023,0,186.108,96.4,0.0103,4.64,0.0,0.131861081,0.0,0.55871076,0.331598513,0.1488297021228533,-2050.53527214,1685.8871032499999,0.0,0.0,0.0,1.0
86ac81797ffffff,-18.64321972,14.80268311,39.3,324.814,0,66.372,137.38,0.0073,3.02,0.012,0.307044245,0.0,0.804217589,0.211152416,0.097824081230989,-2069.39738892,1554.28172655,0.0,0.0,0.0,1.0
86ac80397ffffff,-19.02788363,15.60653415,39.61,50.2674,0,119.26,44.79,0.0221,6.01,0.0004,0.047363338,0.0,0.249520728,0.433457249,0.3352088357664513,-2112.09508293,1638.68608575,0.0,0.0,0.0,1.0
86ac81167ffffff,-19.27453242,14.52548086,39.05,941.5706,1,4.261,143.49,0.0069,1.02,0.7527,0.890405733,0.5,0.840821951,0.062453532,0.0680711298127572,-2139.47309862,1525.1754903,0.0,0.0,0.0,1.0
86ac82db7ffffff,-18.55675312,17.12060467,40.4,271.366,0,287.14,155.31,0.0064,3.1,0.0,0.256490259,0.0,0.911634316,0.217100372,0.0001096514806817,-2059.79959632,1797.6634903499998,0.0,0.0,0.0,1.0
86ac80d8fffffff,-19.41788417,16.30726154,39.86,405.1715,0,186.272,44.89,0.022,2.04,0.0,0.383050681,0.0,0.250119818,0.138289963,0.0838726862681362,-2155.38514287,1712.2624617,0.0,0.0,0.0,1.0
86ac8032fffffff,-19.2253282,15.40243347,39.48,139.9306,0,92.822,52.53,0.0189,7.3,0.0021,0.132171604,0.0,0.295890247,0.52936803,0.3123302065868379,-2134.0114302,1617.25551435,0.0,0.0,0.0,1.0
86ac860d7ffffff,-19.18994134,16.95620818,40.2,347.1545,0,255.413,113.14,0.0088,2.99,0.0,0.328175089,0.0,0.658998323,0.208921933,0.0176882798428799,-2130.08348874,1780.4018589,0.0,0.0,0.0,1.0
86ac86017ffffff,-19.34052631,17.02625843,40.21,156.8035,0,261.836,119.39,0.0083,5.36,0.0,0.148130899,0.0,0.696441409,0.385130112,0.0369388903505155,-2146.7984204100003,1787.7571351499998,0.0,0.0,0.0,1.0
86ac82107ffffff,-18.47122341,16.55537438,40.16,99.8124,0,234.068,118.09,0.0084,4.95,0.0,0.094225658,0.0,0.688653247,0.35464684,0.0823974584508889,-2050.30579851,1738.3143099,0.0,0.0,0.0,1.0
86ac8390fffffff,-18.73369372,15.36028207,39.55,153.4644,0,108.087,86.38,0.0115,5.1,0.0007,0.144972599,0.0,0.498682003,0.365799257,0.2242208953997801,-2079.44000292,1612.82961735,0.0,0.0,0.0,1.0
86ac8628fffffff,-19.02685074,16.60607471,40.08,145.1951,0,221.311,82.44,0.0121,4.01,0.0,0.137151051,0.0,0.475077882,0.284758364,0.0814727848456086,-2111.98043214,1743.6378445500002,0.0,0.0,0.0,1.0
86ac81147ffffff,-19.2133152,14.52047177,39.06,337.1405,1,5.456,144.49,0.0069,1.64,0.6951,0.31870331,0.5,0.846812844,0.108550186,0.0643565636641493,-2132.6779872,1524.6495358500001,0.0,0.0,0.0,1.0
86ac81427ffffff,-18.90996003,14.98970237,39.34,90.4831,0,64.806,105.48,0.0094,5.24,0.0133,0.085401505,0.0,0.613108076,0.376208178,0.3110041403792054,-2099.00556333,1573.91874885,0.0,0.0,0.0,1.0
86ac8638fffffff,-19.17742969,16.67567589,40.08,171.6942,0,226.177,84.29,0.0118,2.68,0.0,0.162215322,0.0,0.486161035,0.185873606,0.0482236775547252,-2128.69469559,1750.94596845,4.0,0.0,0.0,1.0
86ac8072fffffff,-18.98706387,15.76901488,39.69,241.6201,0,136.902,40.03,0.0247,2.13,0.0001,0.22835499,0.0,0.221004074,0.144981413,0.1742840611639,-2107.56408957,1655.7465624000001,0.0,0.0,0.0,1.0
86ac862f7ffffff,-19.06131518,16.55348203,40.04,301.5415,0,215.192,75.84,0.0131,2.56,0.0,0.285031866,0.0,0.435537982,0.176951673,0.0456385477008796,-2115.80598498,1738.1156131500002,0.0,0.0,0.0,1.0
86ac8022fffffff,-19.07500077,15.33430406,39.47,174.2704,0,90.597,64.88,0.0153,2.1,0.0024,0.16465203,0.0,0.369877786,0.142750929,0.1338368173783331,-2117.32508547,1610.1019262999998,0.0,0.0,0.0,1.0
86ac81ce7ffffff,-19.18917753,14.95808558,39.27,62.292,0,49.261,99.17,0.01,7.3,0.0375,0.05873685,0.0,0.575305536,0.52936803,0.3981820249153369,-2129.99870583,1570.5989859000001,4.0,3.0,0.0,1.0
86ac83d17ffffff,-18.48748559,15.83594004,39.82,379.279,0,165.099,93.4,0.0106,2.55,0.0,0.358560165,0.0,0.540738078,0.176208178,0.1160663595132152,-2052.11090049,1662.7737042,4.0,0.0,0.0,1.0
86ac86397ffffff,-19.1701433,16.78667782,40.13,296.6037,0,237.873,95.9,0.0104,5.18,0.0,0.28036143,0.0,0.555715313,0.371747212,0.0414572428072634,-2127.8859063,1762.6011711,0.0,0.0,0.0,1.0
86ac802e7ffffff,-18.95212602,15.32379699,39.49,323.2312,0,93.735,72.76,0.0137,2.93,0.0019,0.305547148,0.0,0.417086029,0.204460967,0.1461800465646951,-2103.68598822,1608.99868395,4.0,0.0,0.0,1.0
86ac82a5fffffff,-18.48042295,15.9459618,39.87,318.7967,0,175.527,94.2,0.0106,3.4,0.0,0.30135276,0.0,0.545530793,0.239405204,0.0639827035746051,-2051.3269474500003,1674.325989,0.0,0.0,0.0,1.0
86ac81a9fffffff,-19.13029057,14.34931813,38.99,132.5619,1,6.454,163.44,0.0061,4.79,0.6503,0.125201892,0.5,0.960340283,0.342750929,0.2318446050631029,-2123.46225327,1506.67840365,0.0,0.0,1.0,1.0
86ac8105fffffff,-19.00195823,14.44842444,39.07,256.3526,0,11.923,155.86,0.0064,3.64,0.4516,0.242289779,0.0,0.914929307,0.257249071,0.1570062282413044,-2109.21736353,1517.0845662,0.0,0.0,0.0,1.0
86ac8005fffffff,-19.15084927,15.61721959,39.59,219.4207,0,116.606,34.86,0.0283,5.19,0.0004,0.207357606,0.0,0.190031153,0.372490706,0.2633529983241358,-2125.7442689699997,1639.80805695,0.0,0.0,0.0,1.0
86ac81517ffffff,-18.96500404,15.10440946,39.39,154.6877,0,71.994,91.96,0.0108,7.09,0.0082,0.146129661,0.0,0.532111191,0.513754647,0.249893768608421,-2105.11544844,1585.9629932999999,0.0,0.0,0.0,1.0
86ac86777ffffff,-19.10105941,16.89201935,40.19,167.7175,0,249.773,108.36,0.0092,6.72,0.0,0.158453945,0.0,0.63036185,0.486245353,0.0459915515626842,-2120.2175945100003,1773.66203175,0.0,0.0,0.0,1.0
86ac8144fffffff,-18.79978507,14.7607715,39.25,312.4616,0,51.624,132.5,0.0075,2.98,0.032,0.295360682,0.0,0.774982027,0.208178439,0.0795740093756016,-2086.7761427699998,1549.8810075000001,0.0,0.0,0.0,1.0
86ac80587ffffff,-19.01398084,16.3264529,39.95,488.4129,0,192.736,57.7,0.0172,3.57,0.0,0.461784864,0.0,0.326863168,0.25204461,0.0916327050815619,-2110.5518732399996,1714.2775545,0.0,0.0,0.0,1.0
86ac80327ffffff,-19.25281353,15.46008341,39.5,153.3725,0,98.299,45.97,0.0215,3.0,0.0014,0.144885675,0.0,0.256589983,0.209665428,0.2455311362199771,-2137.0623018300003,1623.3087580499998,0.0,0.0,0.0,1.0
86ac80c5fffffff,-19.34268522,16.02231076,39.74,177.43,0,156.383,13.97,0.0691,1.47,0.0,0.167640549,0.0,0.06488138,0.095910781,0.1248082674173499,-2147.03805942,1682.3426298,0.0,0.0,0.0,1.0
86ac80027ffffff,-19.29460445,15.79599817,39.65,164.1366,0,132.907,10.62,0.0899,4.73,0.0001,0.155066938,0.0,0.044811886,0.338289963,0.2379805739795532,-2141.70109395,1658.5798078500002,0.0,0.0,0.0,1.0
86ac80437ffffff,-19.02104617,16.21587646,39.9,78.6141,0,181.207,48.41,0.0204,5.79,0.0,0.074175168,0.0,0.271207764,0.417100372,0.218941135925795,-2111.3361248700003,1702.6670283,0.0,0.0,0.0,1.0
86ac86727ffffff,-19.15535261,17.00891809,40.24,174.2224,0,261.297,119.21,0.0084,2.58,0.0,0.164606629,0.0,0.695363048,0.178438662,0.0157628336580187,-2126.24413971,1785.9363994500002,0.0,0.0,0.0,1.0
86ac8115fffffff,-19.15208766,14.51546558,39.07,100.4576,0,11.564,145.8,0.0068,4.5,0.4626,0.094835923,0.0,0.854660915,0.321189591,0.2946206894117353,-2125.88173026,1524.1238859,0.0,0.0,0.0,1.0
86ac8116fffffff,-19.24685671,14.46837024,39.03,516.2681,1,2.523,149.65,0.0067,4.81,0.8452,0.488131807,0.5,0.877725857,0.344237918,0.1516243794505675,-2136.40109481,1519.1788752,0.0,0.0,0.0,1.0
86ac86237ffffff,-19.21187663,16.62303326,40.05,71.3545,0,220.296,78.14,0.0127,8.66,0.0,0.067308649,0.0,0.449317038,0.630483271,0.1399439067937648,-2132.5183059299998,1745.4184923,0.0,0.0,0.0,1.0
86ac818cfffffff,-19.33573917,14.53049285,39.04,622.9928,2,4.75,142.81,0.007,0.88,0.7286,0.589077755,1.0,0.836748143,0.05204461,0.0765948027298968,-2146.26704787,1525.70174925,0.0,0.0,0.0,1.0
86ac800efffffff,-19.11679616,15.66960944,39.62,315.7725,0,122.833,33.07,0.0298,3.3,0.0003,0.298492309,0.0,0.179307453,0.23197026,0.1851227322517135,-2121.96437376,1645.3089912,0.0,0.0,0.0,1.0
